simulation_number,seed,episode,total_steps,resource_remaining,initial_resources,max_steps,total_personal_reward_0,total_personal_reward_1,total_personal_reward_2,total_personal_reward_3,total_personal_reward_4,total_personal_reward_5,total_empathic_reward_0,total_empathic_reward_1,total_empathic_reward_2,total_empathic_reward_3,total_empathic_reward_4,total_empathic_reward_5,total_combined_reward_0,total_combined_reward_1,total_combined_reward_2,total_combined_reward_3,total_combined_reward_4,total_combined_reward_5
3,4,0,924,0.0,500,1000,73.99999999999964,87.9999999999997,97.99999999999946,57.549999999999805,77.99999999999973,103.99999999999986,-753.9599999999996,-759.5599999999991,-763.5599999999998,-747.1999999999996,-755.5599999999997,-765.9599999999995,73.99999999999964,87.9999999999997,97.99999999999946,57.549999999999805,77.99999999999973,103.99999999999986
3,4,1,887,0.0,500,1000,22.000000000000053,90.99999999999972,115.5499999999994,119.99999999999936,37.99999999999991,112.99999999999925,-696.1599999999994,-723.7599999999994,-733.3999999999994,-735.3599999999992,-702.5599999999993,-732.5599999999987,22.000000000000053,90.99999999999972,115.5499999999994,119.99999999999936,37.99999999999991,112.99999999999925
3,4,2,912,0.0,500,1000,100.54999999999949,67.99999999999977,90.9999999999997,85.99999999999966,64.99999999999991,88.99999999999962,-752.4000000000001,-739.5599999999998,-748.7599999999998,-746.76,-738.3599999999999,-747.9599999999996,100.54999999999949,67.99999999999977,90.9999999999997,85.99999999999966,64.99999999999991,88.99999999999962
3,4,3,520,0.0,500,1000,79.5499999999997,58.99999999999988,83.9999999999996,90.99999999999967,92.99999999999974,92.99999999999955,-351.99999999999943,-343.9599999999994,-353.9599999999994,-356.75999999999914,-357.5599999999991,-357.5599999999992,79.5499999999997,58.99999999999988,83.9999999999996,90.99999999999967,92.99999999999974,92.99999999999955
3,4,4,466,0.0,500,1000,92.99999999999979,85.54999999999977,99.99999999999989,25.0,95.99999999999962,99.9999999999996,-303.5599999999998,-300.3999999999995,-306.3599999999995,-276.35999999999996,-304.75999999999937,-306.3599999999994,92.99999999999979,85.54999999999977,99.99999999999989,25.0,95.99999999999962,99.9999999999996
3,4,5,937,0.0,500,1000,106.99999999999947,108.99999999999976,96.99999999999959,90.54999999999964,16.00000000000003,79.99999999999987,-780.1599999999999,-780.96,-776.1599999999996,-773.3999999999992,-743.7600000000003,-769.3599999999996,106.99999999999947,108.99999999999976,96.99999999999959,90.54999999999964,16.00000000000003,79.99999999999987
3,4,6,923,0.0,500,1000,110.99999999999963,122.99999999999966,19.00000000000003,118.54999999999937,124.99999999999928,2.999999999999999,-767.759999999999,-772.5599999999981,-730.9599999999989,-770.6000000000001,-773.3599999999981,-724.5599999999988,110.99999999999963,122.99999999999966,19.00000000000003,118.54999999999937,124.99999999999928,2.999999999999999
3,4,7,945,0.0,500,1000,123.54999999999947,96.99999999999963,73.99999999999979,102.99999999999952,43.99999999999992,57.999999999999936,-794.5999999999993,-784.1599999999997,-774.9599999999996,-786.5599999999995,-762.9599999999991,-768.5599999999994,123.54999999999947,96.99999999999963,73.99999999999979,102.99999999999952,43.99999999999992,57.999999999999936
3,4,8,1000,2.0,500,1000,123.99999999999939,9.000000000000004,89.99999999999967,21.00000000000001,142.00000000000105,111.99999999999955,-850.3999999999999,-804.3999999999983,-836.7999999999995,-809.1999999999986,-857.5999999999991,-845.5999999999995,123.99999999999939,9.000000000000004,89.99999999999967,21.00000000000001,142.00000000000105,111.99999999999955
3,4,9,534,0.0,500,1000,80.99999999999963,81.99999999999959,82.9999999999998,66.99999999999996,92.99999999999983,93.54999999999966,-366.7599999999996,-367.1599999999995,-367.5599999999992,-361.1599999999995,-371.5599999999995,-371.5999999999999,80.99999999999963,81.99999999999959,82.9999999999998,66.99999999999996,92.99999999999983,93.54999999999966
3,4,10,826,0.0,500,1000,79.54999999999949,139.00000000000088,129.99999999999994,56.99999999999987,35.99999999999998,57.9999999999997,-657.9999999999987,-681.9600000000008,-678.3600000000001,-649.1599999999996,-640.7599999999993,-649.5599999999994,79.54999999999949,139.00000000000088,129.99999999999994,56.99999999999987,35.99999999999998,57.9999999999997
3,4,11,1000,1.0,500,1000,64.99999999999972,116.99999999999937,113.9999999999996,62.99999999999995,30.000000000000004,109.99999999999912,-826.3999999999994,-847.199999999999,-845.9999999999986,-825.5999999999992,-812.3999999999993,-844.3999999999996,64.99999999999972,116.99999999999937,113.9999999999996,62.99999999999995,30.000000000000004,109.99999999999912
3,4,12,1000,1.0,500,1000,78.99999999999969,102.99999999999969,91.99999999999963,66.99999999999974,41.99999999999996,115.99999999999963,-831.9999999999993,-841.5999999999992,-837.1999999999998,-827.1999999999991,-817.1999999999991,-846.8000000000002,78.99999999999969,102.99999999999969,91.99999999999963,66.99999999999974,41.99999999999996,115.99999999999963
3,4,13,626,0.0,500,1000,86.99999999999964,76.99999999999956,90.9999999999996,92.99999999999956,59.54999999999988,91.99999999999963,-461.1599999999998,-457.1599999999992,-462.75999999999937,-463.55999999999915,-449.9999999999992,-463.15999999999946,86.99999999999964,76.99999999999956,90.9999999999996,92.99999999999956,59.54999999999988,91.99999999999963
3,4,14,936,0.0,500,1000,74.99999999999966,93.54999999999959,88.99999999999987,81.99999999999963,79.99999999999972,79.99999999999976,-766.3600000000001,-773.5999999999999,-771.9599999999998,-769.1599999999999,-768.3599999999999,-768.3599999999999,74.99999999999966,93.54999999999959,88.99999999999987,81.99999999999963,79.99999999999972,79.99999999999976
3,4,15,509,0.0,500,1000,82.99999999999977,78.99999999999969,75.54999999999977,91.99999999999957,86.99999999999999,82.99999999999973,-342.5599999999999,-340.9599999999998,-339.3999999999999,-346.1599999999999,-344.16,-342.56,82.99999999999977,78.99999999999969,75.54999999999977,91.99999999999957,86.99999999999999,82.99999999999973
3,4,16,639,0.0,500,1000,28.000000000000078,124.54999999999954,106.9999999999995,96.99999999999976,36.999999999999936,105.99999999999964,-450.55999999999904,-488.9999999999987,-482.1599999999994,-478.15999999999923,-454.1599999999992,-481.7599999999994,28.000000000000078,124.54999999999954,106.9999999999995,96.99999999999976,36.999999999999936,105.99999999999964
3,4,17,699,0.0,500,1000,90.54999999999947,31.000000000000053,91.99999999999969,94.99999999999967,104.99999999999984,85.99999999999976,-535.3999999999997,-511.75999999999976,-536.1599999999996,-537.3599999999997,-541.3599999999996,-533.7599999999996,90.54999999999947,31.000000000000053,91.99999999999969,94.99999999999967,104.99999999999984,85.99999999999976
3,4,18,594,0.0,500,1000,88.99999999999959,82.99999999999955,62.99999999999978,84.54999999999973,94.99999999999973,84.99999999999979,-429.95999999999947,-427.5599999999996,-419.55999999999983,-427.9999999999999,-432.3599999999997,-428.3599999999996,88.99999999999959,82.99999999999955,62.99999999999978,84.54999999999973,94.99999999999973,84.99999999999979
3,4,19,524,0.0,500,1000,88.99999999999959,97.54999999999977,98.99999999999964,85.9999999999996,73.99999999999966,53.99999999999985,-359.9599999999998,-363.19999999999976,-363.9599999999998,-358.75999999999993,-353.95999999999947,-345.9599999999994,88.99999999999959,97.54999999999977,98.99999999999964,85.9999999999996,73.99999999999966,53.99999999999985
3,4,20,612,0.0,500,1000,97.99999999999967,102.99999999999952,98.99999999999964,3.000000000000001,110.9999999999995,85.5499999999996,-451.559999999999,-453.5599999999984,-451.9599999999986,-413.55999999999915,-456.75999999999937,-446.39999999999895,97.99999999999967,102.99999999999952,98.99999999999964,3.000000000000001,110.9999999999995,85.5499999999996
3,4,21,870,0.0,500,1000,10.999999999999998,118.99999999999959,61.999999999999744,103.54999999999968,112.99999999999933,90.99999999999933,-674.7599999999989,-717.9599999999983,-695.1599999999995,-711.599999999999,-715.5599999999985,-706.7599999999993,10.999999999999998,118.99999999999959,61.999999999999744,103.54999999999968,112.99999999999933,90.99999999999933
3,4,22,623,0.0,500,1000,107.99999999999977,93.54999999999968,99.99999999999963,100.99999999999972,95.99999999999946,1.0000000000000004,-466.5599999999991,-460.59999999999934,-463.3599999999989,-463.759999999999,-461.7599999999996,-423.75999999999897,107.99999999999977,93.54999999999968,99.99999999999963,100.99999999999972,95.99999999999946,1.0000000000000004
3,4,23,748,0.0,500,1000,93.54999999999966,52.99999999999975,85.99999999999966,90.99999999999966,88.99999999999976,86.99999999999982,-585.5999999999995,-569.5599999999995,-582.7599999999993,-584.7599999999996,-583.9599999999995,-583.1599999999994,93.54999999999966,52.99999999999975,85.99999999999966,90.99999999999966,88.99999999999976,86.99999999999982
3,4,24,774,0.0,500,1000,98.99999999999963,13.000000000000004,60.549999999999805,113.99999999999953,80.99999999999955,132.00000000000023,-613.9599999999988,-579.5599999999984,-598.3999999999993,-619.959999999999,-606.7599999999994,-627.1599999999996,98.99999999999963,13.000000000000004,60.549999999999805,113.99999999999953,80.99999999999955,132.00000000000023
3,4,25,791,0.0,500,1000,95.99999999999982,77.99999999999982,82.99999999999977,79.99999999999976,88.54999999999959,73.99999999999976,-629.76,-622.5599999999998,-624.5600000000001,-623.36,-626.5999999999998,-620.96,95.99999999999982,77.99999999999982,82.99999999999977,79.99999999999976,88.54999999999959,73.99999999999976
3,4,26,731,0.0,500,1000,85.99999999999987,101.99999999999952,29.000000000000046,95.54999999999963,95.9999999999996,90.99999999999943,-565.7599999999993,-572.1599999999994,-542.9599999999989,-569.399999999999,-569.76,-567.7599999999998,85.99999999999987,101.99999999999952,29.000000000000046,95.54999999999963,95.9999999999996,90.99999999999943
3,4,27,645,0.0,500,1000,51.99999999999965,88.99999999999956,57.99999999999991,134.00000000000023,27.000000000000018,139.4500000000004,-466.23999999999916,-481.0399999999985,-468.63999999999896,-499.0399999999984,-456.2399999999991,-500.9999999999983,51.99999999999965,88.99999999999956,57.99999999999991,134.00000000000023,27.000000000000018,139.4500000000004
3,4,28,835,0.0,500,1000,110.99999999999935,83.99999999999949,77.99999999999977,53.54999999999985,80.99999999999973,91.99999999999946,-679.7599999999993,-668.959999999999,-666.5599999999995,-656.5999999999997,-667.7599999999991,-672.1599999999993,110.99999999999935,83.99999999999949,77.99999999999977,53.54999999999985,80.99999999999973,91.99999999999946
3,4,29,680,0.0,500,1000,85.99999999999976,98.99999999999977,50.999999999999936,89.99999999999967,83.99999999999973,89.54999999999964,-514.7599999999991,-519.9599999999991,-500.7599999999989,-516.3599999999989,-513.9599999999988,-515.9999999999993,85.99999999999976,98.99999999999977,50.999999999999936,89.99999999999967,83.99999999999973,89.54999999999964
3,4,30,678,0.0,500,1000,94.99999999999939,93.9999999999995,95.99999999999947,96.9999999999994,109.5499999999996,7.9999999999999964,-516.3599999999985,-515.9599999999996,-516.7599999999989,-517.1599999999993,-521.9999999999993,-481.55999999999904,94.99999999999939,93.9999999999995,95.99999999999947,96.9999999999994,109.5499999999996,7.9999999999999964
3,4,31,1000,1.0,500,1000,78.99999999999947,15.000000000000004,119.99999999999953,101.99999999999953,111.9999999999994,70.99999999999984,-831.9999999999986,-806.3999999999986,-848.3999999999986,-841.1999999999992,-845.1999999999989,-828.7999999999986,78.99999999999947,15.000000000000004,119.99999999999953,101.99999999999953,111.9999999999994,70.99999999999984
3,4,32,621,0.0,500,1000,80.99999999999979,88.84999999999984,88.99999999999973,90.99999999999986,88.5499999999996,60.99999999999987,-453.8799999999992,-456.95999999999907,-457.0799999999993,-457.87999999999914,-456.7199999999992,-445.87999999999926,80.99999999999979,88.84999999999984,88.99999999999973,90.99999999999986,88.5499999999996,60.99999999999987
3,4,33,854,0.0,500,1000,7.999999999999992,88.99999999999955,93.9999999999998,112.54999999999941,100.99999999999973,94.99999999999972,-657.5599999999984,-689.959999999999,-691.9599999999981,-699.1999999999985,-694.7599999999985,-692.3599999999983,7.999999999999992,88.99999999999955,93.9999999999998,112.54999999999941,100.99999999999973,94.99999999999972
3,4,34,730,0.0,500,1000,68.99999999999983,73.99999999999976,86.99999999999966,94.99999999999966,97.99999999999952,76.5499999999997,-557.9600000000004,-559.9600000000003,-565.1599999999999,-568.3600000000005,-569.5599999999997,-560.8000000000003,68.99999999999983,73.99999999999976,86.99999999999966,94.99999999999966,97.99999999999952,76.5499999999997
3,4,35,865,0.0,500,1000,73.99999999999984,84.54999999999978,72.99999999999984,88.99999999999967,90.99999999999973,87.99999999999967,-694.9600000000005,-699.0000000000002,-694.5600000000004,-700.96,-701.7600000000004,-700.5600000000004,73.99999999999984,84.54999999999978,72.99999999999984,88.99999999999967,90.99999999999973,87.99999999999967
3,4,36,1000,1.0,500,1000,74.99999999999972,94.99999999999963,92.99999999999949,79.99999999999986,83.99999999999953,71.99999999999974,-830.4000000000001,-838.4000000000002,-837.5999999999996,-832.4000000000001,-834.0000000000001,-829.2000000000003,74.99999999999972,94.99999999999963,92.99999999999949,79.99999999999986,83.99999999999953,71.99999999999974
3,4,37,842,0.0,500,1000,97.99999999999969,94.99999999999955,79.99999999999962,82.9999999999997,72.54999999999988,70.99999999999974,-681.5599999999984,-680.3599999999983,-674.3599999999986,-675.5599999999986,-671.1999999999982,-670.7599999999987,97.99999999999969,94.99999999999955,79.99999999999962,82.9999999999997,72.54999999999988,70.99999999999974
3,4,38,627,0.0,500,1000,82.99999999999959,81.99999999999973,93.54999999999971,80.99999999999962,81.99999999999979,77.99999999999983,-460.55999999999983,-460.15999999999906,-464.59999999999934,-459.75999999999937,-460.1599999999991,-458.55999999999926,82.99999999999959,81.99999999999973,93.54999999999971,80.99999999999962,81.99999999999979,77.99999999999983
3,4,39,744,0.0,500,1000,111.99999999999947,119.54999999999936,89.99999999999963,15.000000000000007,57.99999999999979,104.99999999999972,-589.1599999999983,-591.9999999999986,-580.3599999999985,-550.3599999999988,-567.5599999999993,-586.3599999999984,111.99999999999947,119.54999999999936,89.99999999999963,15.000000000000007,57.99999999999979,104.99999999999972
3,4,40,875,0.0,500,1000,97.99999999999953,88.99999999999963,87.99999999999967,99.9999999999997,44.5499999999999,79.99999999999969,-714.5599999999994,-710.9599999999992,-710.5599999999993,-715.3599999999991,-692.9999999999995,-707.3599999999997,97.99999999999953,88.99999999999963,87.99999999999967,99.9999999999997,44.5499999999999,79.99999999999969
3,4,41,1000,2.0,500,1000,112.99999999999942,108.9999999999995,34.0,100.99999999999964,65.99999999999994,74.99999999999967,-845.9999999999989,-844.3999999999991,-814.3999999999986,-841.1999999999986,-827.1999999999986,-830.7999999999982,112.99999999999942,108.9999999999995,34.0,100.99999999999964,65.99999999999994,74.99999999999967
3,4,42,1000,1.0,500,1000,109.99999999999962,38.999999999999986,87.99999999999963,84.9999999999996,71.99999999999966,104.99999999999952,-844.3999999999986,-815.9999999999983,-835.5999999999983,-834.3999999999979,-829.1999999999982,-842.3999999999987,109.99999999999962,38.999999999999986,87.99999999999963,84.9999999999996,71.99999999999966,104.99999999999952
3,4,43,1000,1.0,500,1000,56.9999999999998,96.99999999999957,75.99999999999973,97.99999999999963,81.99999999999972,88.99999999999983,-823.1999999999991,-839.2000000000007,-830.8,-839.6000000000001,-833.2,-835.9999999999999,56.9999999999998,96.99999999999957,75.99999999999973,97.99999999999963,81.99999999999972,88.99999999999983
3,4,44,601,0.0,500,1000,86.99999999999959,51.54999999999972,89.99999999999959,79.9999999999997,89.9999999999997,100.99999999999974,-436.1599999999995,-421.79999999999984,-437.35999999999916,-433.3599999999992,-437.3599999999999,-441.7599999999995,86.99999999999959,51.54999999999972,89.99999999999959,79.9999999999997,89.9999999999997,100.99999999999974
3,4,45,531,0.0,500,1000,87.99999999999974,80.9999999999997,86.54999999999977,87.99999999999955,85.99999999999957,69.99999999999979,-366.55999999999943,-363.7599999999997,-365.79999999999984,-366.55999999999983,-365.7599999999998,-359.3599999999994,87.99999999999974,80.9999999999997,86.54999999999977,87.99999999999955,85.99999999999957,69.99999999999979
3,4,46,554,0.0,500,1000,84.99999999999969,66.99999999999977,82.9499999999996,89.9999999999996,81.54999999999964,92.99999999999976,-388.3999999999999,-381.1999999999993,-387.55999999999966,-390.3999999999995,-386.839999999999,-391.59999999999917,84.99999999999969,66.99999999999977,82.9499999999996,89.9999999999996,81.54999999999964,92.99999999999976
3,4,47,991,0.0,500,1000,126.99999999999959,30.000000000000053,115.54999999999973,91.9999999999995,97.99999999999959,36.99999999999994,-842.1599999999996,-803.359999999999,-837.399999999999,-828.1599999999992,-830.5599999999997,-806.1599999999987,126.99999999999959,30.000000000000053,115.54999999999973,91.9999999999995,97.99999999999959,36.99999999999994
3,4,48,839,0.0,500,1000,88.99999999999974,86.5499999999998,82.99999999999967,95.99999999999976,56.999999999999886,87.99999999999977,-674.9599999999994,-673.7999999999994,-672.5599999999997,-677.7599999999993,-662.1599999999993,-674.559999999999,88.99999999999974,86.5499999999998,82.99999999999967,95.99999999999976,56.999999999999886,87.99999999999977
3,4,49,858,0.0,500,1000,100.99999999999956,110.9999999999994,109.5499999999997,72.99999999999979,46.99999999999988,57.99999999999978,-698.7599999999993,-702.7599999999998,-701.9999999999995,-687.5599999999996,-677.1599999999995,-681.5599999999994,100.99999999999956,110.9999999999994,109.5499999999997,72.99999999999979,46.99999999999988,57.99999999999978
3,4,50,831,0.0,500,1000,98.99999999999952,89.99999999999967,96.54999999999966,57.999999999999886,58.999999999999886,96.99999999999967,-670.9599999999999,-667.3600000000004,-669.7999999999997,-654.5599999999995,-654.9599999999995,-670.1599999999996,98.99999999999952,89.99999999999967,96.54999999999966,57.999999999999886,58.999999999999886,96.99999999999967
3,4,51,656,0.0,500,1000,80.54999999999949,91.99999999999976,90.99999999999945,62.99999999999994,69.99999999999994,102.99999999999947,-488.3999999999989,-493.15999999999855,-492.75999999999846,-481.55999999999875,-484.3599999999988,-497.5599999999989,80.54999999999949,91.99999999999976,90.99999999999945,62.99999999999994,69.99999999999994,102.99999999999947
3,4,52,1000,1.0,500,1000,124.9999999999993,121.99999999999946,65.99999999999982,74.99999999999984,96.99999999999956,14.000000000000039,-850.3999999999996,-849.2000000000002,-826.8000000000005,-830.4000000000012,-839.2000000000016,-805.9999999999993,124.9999999999993,121.99999999999946,65.99999999999982,74.99999999999984,96.99999999999956,14.000000000000039
3,4,53,960,0.0,500,1000,111.54999999999949,108.99999999999966,19.000000000000036,59.999999999999936,95.99999999999935,103.99999999999953,-804.7999999999988,-803.9599999999979,-767.9599999999989,-784.3599999999984,-798.7599999999991,-801.9599999999991,111.54999999999949,108.99999999999966,19.000000000000036,59.999999999999936,95.99999999999935,103.99999999999953
3,4,54,800,0.0,500,1000,98.54999999999951,80.99999999999953,76.99999999999976,56.999999999999886,94.99999999999939,90.99999999999969,-639.5999999999995,-632.7599999999993,-631.159999999999,-623.1599999999988,-638.359999999999,-636.7599999999994,98.54999999999951,80.99999999999953,76.99999999999976,56.999999999999886,94.99999999999939,90.99999999999969
3,4,55,1000,2.0,500,1000,111.99999999999946,97.99999999999942,43.99999999999991,53.999999999999886,96.99999999999953,92.99999999999936,-845.5999999999998,-839.9999999999998,-818.3999999999999,-822.4000000000001,-839.6000000000007,-837.9999999999998,111.99999999999946,97.99999999999942,43.99999999999991,53.999999999999886,96.99999999999953,92.99999999999936
3,4,56,754,0.0,500,1000,11.000000000000018,114.54999999999971,63.999999999999964,107.9999999999997,98.99999999999963,102.99999999999955,-558.7599999999989,-599.9999999999991,-579.9599999999989,-597.5599999999989,-593.9599999999994,-595.5599999999995,11.000000000000018,114.54999999999971,63.999999999999964,107.9999999999997,98.99999999999963,102.99999999999955
3,4,57,717,0.0,500,1000,84.99999999999977,96.9999999999997,70.9999999999999,100.99999999999936,90.54999999999934,54.99999999999986,-551.3599999999993,-556.1599999999993,-545.7599999999992,-557.7599999999995,-553.3999999999993,-539.3599999999993,84.99999999999977,96.9999999999997,70.9999999999999,100.99999999999936,90.54999999999934,54.99999999999986
3,4,58,776,0.0,500,1000,82.99999999999972,54.999999999999815,88.99999999999953,80.99999999999973,98.99999999999936,92.54999999999957,-609.5599999999995,-598.3599999999996,-611.9599999999995,-608.7599999999998,-615.96,-613.1999999999994,82.99999999999972,54.999999999999815,88.99999999999953,80.99999999999973,98.99999999999936,92.54999999999957
3,4,59,691,0.0,500,1000,99.99999999999984,39.99999999999994,89.99999999999959,94.99999999999964,89.54999999999954,84.99999999999972,-531.359999999999,-507.35999999999905,-527.3599999999991,-529.3599999999994,-526.9999999999991,-525.359999999999,99.99999999999984,39.99999999999994,89.99999999999959,94.99999999999964,89.54999999999954,84.99999999999972
3,4,60,680,0.0,500,1000,90.99999999999949,73.99999999999974,84.99999999999976,82.54999999999963,76.99999999999964,89.99999999999976,-516.7599999999998,-509.9599999999997,-514.3599999999998,-513.1999999999996,-511.1599999999997,-516.3599999999997,90.99999999999949,73.99999999999974,84.99999999999976,82.54999999999963,76.99999999999964,89.99999999999976
3,4,61,1000,1.0,500,1000,90.99999999999956,101.99999999999969,104.99999999999979,14.000000000000014,105.99999999999969,80.99999999999984,-836.7999999999988,-841.1999999999982,-842.3999999999985,-805.9999999999991,-842.7999999999997,-832.799999999999,90.99999999999956,101.99999999999969,104.99999999999979,14.000000000000014,105.99999999999969,80.99999999999984
3,4,62,568,0.0,500,1000,88.54999999999997,87.99999999999976,82.99999999999967,89.99999999999967,72.99999999999977,76.99999999999966,-403.59999999999974,-403.5599999999994,-401.5599999999999,-404.36,-397.5599999999994,-399.15999999999957,88.54999999999997,87.99999999999976,82.99999999999967,89.99999999999967,72.99999999999977,76.99999999999966
3,4,63,696,0.0,500,1000,92.99999999999956,60.999999999999865,84.99999999999976,71.99999999999976,99.54999999999963,88.9999999999995,-533.5599999999995,-520.759999999999,-530.3599999999992,-525.1599999999992,-535.9999999999993,-531.9599999999995,92.99999999999956,60.999999999999865,84.99999999999976,71.99999999999976,99.54999999999963,88.9999999999995
3,4,64,687,0.0,500,1000,79.54999999999964,92.79999999999937,51.99999999999995,84.99999999999969,87.99999999999956,101.99999999999967,-519.1599999999993,-524.5599999999996,-508.31999999999897,-521.5199999999992,-522.7199999999992,-528.3199999999991,79.54999999999964,92.79999999999937,51.99999999999995,84.99999999999969,87.99999999999956,101.99999999999967
3,4,65,694,0.0,500,1000,80.54999999999976,69.9999999999998,94.9999999999998,99.99999999999959,49.99999999999988,103.99999999999949,-526.3999999999994,-522.3599999999994,-532.359999999999,-534.3599999999994,-514.3599999999997,-535.9599999999998,80.54999999999976,69.9999999999998,94.9999999999998,99.99999999999959,49.99999999999988,103.99999999999949
3,4,66,687,0.0,500,1000,101.9999999999996,7.999999999999996,88.9999999999997,95.54999999999964,101.59999999999964,102.99999999999989,-528.4799999999993,-490.8799999999991,-523.2799999999992,-525.7199999999998,-528.1599999999995,-528.8799999999994,101.9999999999996,7.999999999999996,88.9999999999997,95.54999999999964,101.59999999999964,102.99999999999989
3,4,67,1000,1.0,500,1000,90.99999999999967,94.9999999999996,67.99999999999983,101.9999999999998,43.99999999999995,98.9999999999996,-836.8000000000001,-838.4000000000002,-827.6000000000001,-841.1999999999998,-818.0000000000005,-840.0000000000002,90.99999999999967,94.9999999999996,67.99999999999983,101.9999999999998,43.99999999999995,98.9999999999996
3,4,68,755,0.0,500,1000,92.99999999999969,79.99999999999966,88.99999999999969,78.99999999999962,61.99999999999997,96.54999999999954,-592.5600000000003,-587.3599999999996,-590.9600000000002,-586.9599999999997,-580.1599999999999,-593.7999999999996,92.99999999999969,79.99999999999966,88.99999999999969,78.99999999999962,61.99999999999997,96.54999999999954
3,4,69,668,0.0,500,1000,94.99999999999933,91.99999999999947,91.99999999999973,87.99999999999963,36.999999999999986,95.54999999999974,-506.3599999999993,-505.15999999999866,-505.15999999999906,-503.55999999999915,-483.15999999999906,-506.3999999999989,94.99999999999933,91.99999999999947,91.99999999999973,87.99999999999963,36.999999999999986,95.54999999999974
3,4,70,1000,3.0,500,1000,101.99999999999974,48.99999999999996,59.99999999999985,112.99999999999963,73.99999999999977,98.99999999999955,-841.9999999999989,-820.8,-825.1999999999996,-846.3999999999996,-830.8000000000002,-840.8000000000008,101.99999999999974,48.99999999999996,59.99999999999985,112.99999999999963,73.99999999999977,98.99999999999955
3,4,71,562,0.0,500,1000,90.99999999999966,82.69999999999985,80.99999999999976,86.54999999999963,65.99999999999989,91.9999999999996,-398.9999999999992,-395.559999999999,-394.999999999999,-397.03999999999917,-388.9999999999991,-399.3999999999986,90.99999999999966,82.69999999999985,80.99999999999976,86.54999999999963,65.99999999999989,91.9999999999996
3,4,72,402,0.0,500,1000,79.99999999999979,89.54999999999986,89.9999999999996,86.59999999999977,68.99999999999991,83.99999999999972,-234.68000000000004,-238.32000000000008,-238.68,-237.16000000000008,-230.28000000000011,-236.28000000000003,79.99999999999979,89.54999999999986,89.9999999999996,86.59999999999977,68.99999999999991,83.99999999999972
3,4,73,870,0.0,500,1000,92.99999999999967,83.99999999999986,83.54999999999973,74.99999999999979,68.99999999999986,94.9999999999996,-707.5599999999995,-703.9599999999999,-703.5999999999998,-700.3600000000004,-697.96,-708.3599999999996,92.99999999999967,83.99999999999986,83.54999999999973,74.99999999999979,68.99999999999986,94.9999999999996
3,4,74,965,0.0,500,1000,141.0000000000007,131.99999999999983,73.99999999999969,108.5499999999995,41.99999999999996,2.000000000000001,-821.76,-818.1599999999992,-794.9599999999994,-808.6,-782.1599999999996,-766.1599999999996,141.0000000000007,131.99999999999983,73.99999999999969,108.5499999999995,41.99999999999996,2.000000000000001
3,4,75,1000,1.0,500,1000,97.9999999999996,77.99999999999956,96.99999999999922,83.99999999999976,69.99999999999982,71.99999999999982,-839.5999999999988,-831.5999999999988,-839.1999999999996,-833.9999999999984,-828.3999999999986,-829.1999999999987,97.9999999999996,77.99999999999956,96.99999999999922,83.99999999999976,69.99999999999982,71.99999999999982
3,4,76,703,0.0,500,1000,77.5499999999997,65.99999999999973,47.999999999999915,106.99999999999923,101.99999999999959,98.99999999999946,-534.1999999999991,-529.7599999999996,-522.5599999999991,-546.1599999999994,-544.1599999999999,-542.9599999999991,77.5499999999997,65.99999999999973,47.999999999999915,106.99999999999923,101.99999999999959,98.99999999999946
3,4,77,730,0.0,500,1000,91.99999999999962,83.54999999999967,76.99999999999982,77.99999999999972,79.99999999999962,88.99999999999966,-567.1599999999996,-563.5999999999997,-561.1599999999994,-561.5599999999994,-562.3599999999994,-565.9599999999998,91.99999999999962,83.54999999999967,76.99999999999982,77.99999999999972,79.99999999999962,88.99999999999966
3,4,78,639,0.0,500,1000,33.000000000000014,95.54999999999944,97.99999999999959,82.99999999999959,91.99999999999964,97.9999999999995,-452.559999999999,-477.399999999999,-478.55999999999904,-472.5599999999991,-476.1599999999984,-478.55999999999887,33.000000000000014,95.54999999999944,97.99999999999959,82.99999999999959,91.99999999999964,97.9999999999995
3,4,79,1000,1.0,500,1000,60.99999999999994,83.99999999999976,83.99999999999969,89.9999999999998,93.9999999999998,85.9999999999997,-824.7999999999995,-833.9999999999993,-833.9999999999993,-836.3999999999992,-837.9999999999995,-834.7999999999995,60.99999999999994,83.99999999999976,83.99999999999969,89.9999999999998,93.9999999999998,85.9999999999997
3,4,80,960,0.0,500,1000,33.99999999999997,107.99999999999957,125.99999999999967,1.0000000000000004,109.5499999999995,120.99999999999942,-773.9599999999999,-803.5599999999989,-810.7599999999998,-760.7599999999996,-803.9999999999999,-808.76,33.99999999999997,107.99999999999957,125.99999999999967,1.0000000000000004,109.5499999999995,120.99999999999942
3,4,81,690,0.0,500,1000,50.99999999999991,108.99999999999966,106.54999999999934,105.99999999999937,27.000000000000014,99.99999999999972,-510.75999999999857,-533.9599999999989,-532.7999999999989,-532.7599999999984,-501.1599999999986,-530.359999999999,50.99999999999991,108.99999999999966,106.54999999999934,105.99999999999937,27.000000000000014,99.99999999999972
3,4,82,696,0.0,500,1000,44.99999999999992,90.79999999999971,97.99999999999943,94.99999999999972,48.9999999999998,121.5499999999996,-514.5199999999986,-532.7599999999991,-535.719999999999,-534.519999999999,-516.1199999999986,-544.959999999999,44.99999999999992,90.79999999999971,97.99999999999943,94.99999999999972,48.9999999999998,121.5499999999996
3,4,83,1000,1.0,500,1000,48.99999999999999,70.99999999999966,82.99999999999957,96.99999999999979,96.99999999999976,101.99999999999987,-819.9999999999991,-828.7999999999995,-833.5999999999995,-839.1999999999985,-839.1999999999998,-841.1999999999991,48.99999999999999,70.99999999999966,82.99999999999957,96.99999999999979,96.99999999999976,101.99999999999987
3,4,84,1000,1.0,500,1000,78.9999999999997,10.000000000000004,81.99999999999947,100.99999999999973,103.99999999999963,122.99999999999967,-831.9999999999992,-804.3999999999991,-833.1999999999987,-840.7999999999993,-841.9999999999992,-849.5999999999993,78.9999999999997,10.000000000000004,81.99999999999947,100.99999999999973,103.99999999999963,122.99999999999967
3,4,85,1000,2.0,500,1000,76.9999999999996,64.99999999999989,110.9999999999995,77.9999999999997,100.99999999999959,65.99999999999991,-831.5999999999998,-826.8000000000004,-845.1999999999997,-832.0,-841.1999999999998,-827.1999999999998,76.9999999999996,64.99999999999989,110.9999999999995,77.9999999999997,100.99999999999959,65.99999999999991
3,4,86,1000,1.0,500,1000,71.99999999999987,100.99999999999945,61.999999999999844,90.99999999999959,56.999999999999694,115.99999999999964,-829.1999999999994,-840.7999999999997,-825.1999999999991,-836.7999999999992,-823.1999999999994,-846.799999999999,71.99999999999987,100.99999999999945,61.999999999999844,90.99999999999959,56.999999999999694,115.99999999999964
3,4,87,626,0.0,500,1000,71.99999999999983,95.9999999999996,81.69999999999953,82.54999999999973,82.99999999999959,83.99999999999967,-455.3999999999986,-464.9999999999985,-459.1599999999987,-459.43999999999903,-459.7999999999988,-460.199999999999,71.99999999999983,95.9999999999996,81.69999999999953,82.54999999999973,82.99999999999959,83.99999999999967
3,4,88,613,0.0,500,1000,86.99999999999973,86.99999999999959,85.99999999999945,86.99999999999966,53.999999999999865,98.54999999999984,-448.1599999999996,-448.15999999999906,-447.75999999999954,-448.1599999999995,-434.95999999999975,-452.5999999999997,86.99999999999973,86.99999999999959,85.99999999999945,86.99999999999966,53.999999999999865,98.54999999999984
3,4,89,537,0.0,500,1000,61.99999999999988,70.99999999999974,89.99999999999967,82.99999999999964,101.99999999999945,91.5499999999996,-362.15999999999985,-365.7599999999998,-373.35999999999945,-370.5599999999998,-378.15999999999974,-373.79999999999956,61.99999999999988,70.99999999999974,89.99999999999967,82.99999999999964,101.99999999999945,91.5499999999996
3,4,90,669,0.0,500,1000,69.99999999999982,89.99999999999977,78.9999999999997,80.99999999999966,81.54999999999967,97.99999999999942,-497.3599999999999,-505.3599999999996,-500.9599999999995,-501.75999999999965,-501.7999999999997,-508.56000000000006,69.99999999999982,89.99999999999977,78.9999999999997,80.99999999999966,81.54999999999967,97.99999999999942
3,4,91,510,0.0,500,1000,104.99999999999969,38.9999999999999,96.5499999999995,98.99999999999945,82.99999999999947,76.99999999999962,-352.35999999999945,-325.9599999999994,-348.7999999999996,-349.9599999999994,-343.55999999999915,-341.1599999999991,104.99999999999969,38.9999999999999,96.5499999999995,98.99999999999945,82.99999999999947,76.99999999999962
3,4,92,761,0.0,500,1000,77.99999999999991,72.99999999999973,89.99999999999952,91.9999999999994,88.9999999999996,77.5499999999997,-592.5599999999993,-590.5599999999996,-597.3599999999999,-598.1599999999994,-596.9599999999996,-592.1999999999996,77.99999999999991,72.99999999999973,89.99999999999952,91.9999999999994,88.9999999999996,77.5499999999997
3,4,93,661,0.0,500,1000,91.99999999999976,72.9999999999997,86.54999999999966,87.99999999999947,76.9999999999998,82.99999999999972,-498.15999999999923,-490.55999999999955,-495.79999999999967,-496.5599999999996,-492.15999999999974,-494.5599999999992,91.99999999999976,72.9999999999997,86.54999999999966,87.99999999999947,76.9999999999998,82.99999999999972
3,4,94,537,0.0,500,1000,91.99999999999964,91.99999999999957,84.54999999999963,78.99999999999976,90.99999999999963,60.9999999999998,-374.1599999999994,-374.16,-370.99999999999994,-368.95999999999964,-373.75999999999965,-361.75999999999976,91.99999999999964,91.99999999999957,84.54999999999963,78.99999999999976,90.99999999999963,60.9999999999998
3,4,95,611,0.0,500,1000,35.99999999999997,108.99999999999967,101.99999999999989,105.99999999999974,94.99999999999967,51.549999999999756,-425.7599999999986,-454.959999999999,-452.15999999999866,-453.7599999999987,-449.35999999999837,-431.7999999999987,35.99999999999997,108.99999999999967,101.99999999999989,105.99999999999974,94.99999999999967,51.549999999999756
3,4,96,726,0.0,500,1000,78.99999999999969,105.99999999999956,30.000000000000036,107.99999999999943,110.54999999999946,65.99999999999982,-557.9599999999987,-568.7599999999983,-538.3599999999983,-569.559999999999,-570.3999999999985,-552.7599999999985,78.99999999999969,105.99999999999956,30.000000000000036,107.99999999999943,110.54999999999946,65.99999999999982
3,4,97,1000,1.0,500,1000,100.99999999999966,102.99999999999969,42.99999999999985,95.9999999999996,87.99999999999956,67.99999999999962,-840.7999999999988,-841.599999999999,-817.5999999999992,-838.7999999999988,-835.5999999999991,-827.5999999999995,100.99999999999966,102.99999999999969,42.99999999999985,95.9999999999996,87.99999999999956,67.99999999999962
3,4,98,846,0.0,500,1000,91.99999999999963,104.99999999999966,106.54999999999961,94.99999999999962,97.99999999999952,2.999999999999999,-683.1599999999992,-688.3599999999989,-688.7999999999996,-684.3599999999994,-685.5599999999986,-647.5599999999987,91.99999999999963,104.99999999999966,106.54999999999961,94.99999999999962,97.99999999999952,2.999999999999999
3,4,99,595,0.0,500,1000,69.9999999999998,88.54999999999966,84.79999999999974,96.99999999999955,83.99999999999952,74.99999999999967,-423.5199999999997,-430.7599999999993,-429.3599999999997,-434.3199999999993,-429.11999999999966,-425.5199999999993,69.9999999999998,88.54999999999966,84.79999999999974,96.99999999999955,83.99999999999952,74.99999999999967
3,4,100,1000,1.0,500,1000,67.99999999999983,70.9999999999996,121.99999999999962,117.99999999999947,17.000000000000004,102.99999999999952,-827.5999999999999,-828.7999999999989,-849.1999999999998,-847.5999999999998,-807.2000000000003,-841.5999999999998,67.99999999999983,70.9999999999996,121.99999999999962,117.99999999999947,17.000000000000004,102.99999999999952
3,4,101,563,0.0,500,1000,86.5499999999996,66.99999999999974,80.99999999999987,91.99999999999986,95.99999999999957,76.99999999999973,-397.7999999999991,-390.15999999999934,-395.7599999999996,-400.1599999999991,-401.75999999999925,-394.15999999999957,86.5499999999996,66.99999999999974,80.99999999999987,91.99999999999986,95.99999999999957,76.99999999999973
3,4,102,515,0.0,500,1000,87.99999999999974,81.9999999999997,73.99999999999969,77.99999999999982,89.54999999999971,87.99999999999957,-350.5599999999993,-348.15999999999934,-344.9599999999995,-346.5599999999994,-350.9999999999993,-350.5599999999998,87.99999999999974,81.9999999999997,73.99999999999969,77.99999999999982,89.54999999999971,87.99999999999957
3,4,103,814,0.0,500,1000,113.99999999999966,51.99999999999986,72.99999999999972,69.99999999999974,71.99999999999963,118.54999999999943,-659.9599999999997,-635.1599999999992,-643.5599999999993,-642.3599999999994,-643.1599999999992,-661.5999999999995,113.99999999999966,51.99999999999986,72.99999999999972,69.99999999999974,71.99999999999963,118.54999999999943
3,4,104,487,0.0,500,1000,83.9999999999996,78.99999999999974,88.99999999999974,80.9999999999997,75.54999999999968,90.99999999999967,-320.96,-318.9599999999998,-322.9600000000001,-319.7600000000002,-317.4,-323.7600000000003,83.9999999999996,78.99999999999974,88.99999999999974,80.9999999999997,75.54999999999968,90.99999999999967
3,4,105,748,0.0,500,1000,87.54999999999961,85.99999999999963,84.99999999999982,73.9999999999998,84.99999999999986,81.99999999999979,-583.1999999999994,-582.7599999999993,-582.3599999999997,-577.9599999999999,-582.3599999999997,-581.1599999999994,87.54999999999961,85.99999999999963,84.99999999999982,73.9999999999998,84.99999999999986,81.99999999999979
3,4,106,1000,1.0,500,1000,116.9999999999993,107.89999999999938,109.99999999999966,9.0,39.999999999999986,114.99999999999949,-847.2799999999994,-843.5999999999995,-844.48,-804.0799999999999,-816.4800000000001,-846.4799999999991,116.9999999999993,107.89999999999938,109.99999999999966,9.0,39.999999999999986,114.99999999999949
3,4,107,771,0.0,500,1000,99.99999999999959,89.54999999999963,107.9999999999994,47.99999999999996,62.99999999999993,90.99999999999964,-611.3599999999989,-606.9999999999992,-614.559999999999,-590.5599999999988,-596.5599999999987,-607.7599999999993,99.99999999999959,89.54999999999963,107.9999999999994,47.99999999999996,62.99999999999993,90.99999999999964
3,4,108,919,0.0,500,1000,130.99999999999997,140.00000000000037,145.55000000000106,2.999999999999999,32.00000000000003,47.999999999999766,-771.76,-775.3599999999999,-777.3999999999999,-720.5599999999998,-732.1599999999999,-738.5599999999986,130.99999999999997,140.00000000000037,145.55000000000106,2.999999999999999,32.00000000000003,47.999999999999766
3,4,109,816,0.0,500,1000,105.99999999999937,66.9999999999998,93.54999999999957,55.999999999999936,78.99999999999982,97.9999999999996,-658.7599999999994,-643.159999999999,-653.5999999999997,-638.7599999999995,-647.9599999999994,-655.5599999999991,105.99999999999937,66.9999999999998,93.54999999999957,55.999999999999936,78.99999999999982,97.9999999999996
3,4,110,782,0.0,500,1000,59.99999999999977,100.99999999999947,96.99999999999953,51.99999999999993,94.99999999999972,94.54999999999973,-606.3599999999983,-622.7599999999998,-621.1599999999996,-603.1599999999993,-620.3599999999997,-619.9999999999993,59.99999999999977,100.99999999999947,96.99999999999953,51.99999999999993,94.99999999999972,94.54999999999973
3,4,111,760,0.0,500,1000,51.99999999999988,93.9999999999996,101.99999999999957,57.999999999999844,101.54999999999968,91.99999999999959,-581.16,-597.96,-601.1599999999999,-583.5599999999997,-600.7999999999998,-597.1600000000001,51.99999999999988,93.9999999999996,101.99999999999957,57.999999999999844,101.54999999999968,91.99999999999959
3,4,112,797,0.0,500,1000,35.999999999999936,54.9999999999999,108.9999999999995,77.9999999999999,110.99999999999952,110.54999999999957,-611.7600000000002,-619.3599999999999,-640.9599999999997,-628.56,-641.7599999999994,-641.3999999999994,35.999999999999936,54.9999999999999,108.9999999999995,77.9999999999999,110.99999999999952,110.54999999999957
3,4,113,704,0.0,500,1000,87.54999999999974,86.99999999999976,92.99999999999966,67.9999999999998,72.99999999999974,90.99999999999979,-539.1999999999992,-539.1599999999997,-541.5599999999997,-531.5599999999995,-533.5599999999995,-540.7599999999991,87.54999999999974,86.99999999999976,92.99999999999966,67.9999999999998,72.99999999999974,90.99999999999979
3,4,114,628,0.0,500,1000,84.54999999999968,105.99999999999976,53.99999999999986,77.99999999999972,92.99999999999964,83.99999999999982,-461.99999999999886,-470.7599999999988,-449.9599999999993,-459.5599999999989,-465.55999999999915,-461.9599999999991,84.54999999999968,105.99999999999976,53.99999999999986,77.99999999999972,92.99999999999964,83.99999999999982
3,4,115,813,0.0,500,1000,76.99999999999982,94.99999999999984,80.54999999999968,78.9999999999996,82.99999999999977,84.99999999999964,-644.1599999999996,-651.3599999999997,-645.3999999999996,-644.9599999999995,-646.5599999999997,-647.3599999999999,76.99999999999982,94.99999999999984,80.54999999999968,78.9999999999996,82.99999999999977,84.99999999999964
3,4,116,844,0.0,500,1000,126.99999999999956,108.99999999999969,16.550000000000043,30.000000000000064,89.99999999999962,126.99999999999956,-695.1599999999994,-687.9599999999991,-650.7999999999985,-656.3599999999981,-680.3599999999988,-695.159999999998,126.99999999999956,108.99999999999969,16.550000000000043,30.000000000000064,89.99999999999962,126.99999999999956
3,4,117,731,0.0,500,1000,81.99999999999979,93.99999999999977,69.54999999999981,85.99999999999967,89.99999999999952,77.99999999999967,-564.1599999999996,-568.9600000000004,-558.9999999999998,-565.7599999999998,-567.3600000000001,-562.5600000000002,81.99999999999979,93.99999999999977,69.54999999999981,85.99999999999967,89.99999999999952,77.99999999999967
3,4,118,784,0.0,500,1000,78.99999999999972,79.99999999999974,97.99999999999962,79.54999999999983,76.99999999999967,85.9999999999997,-615.9599999999995,-616.3599999999993,-623.5599999999986,-615.9999999999995,-615.1599999999997,-618.7599999999998,78.99999999999972,79.99999999999974,97.99999999999962,79.54999999999983,76.99999999999967,85.9999999999997
3,4,119,618,0.0,500,1000,67.99999999999967,59.99999999999992,88.99999999999957,86.54999999999973,90.99999999999963,104.99999999999966,-445.5599999999993,-442.3599999999988,-453.9599999999988,-452.7999999999988,-454.759999999999,-460.35999999999916,67.99999999999967,59.99999999999992,88.99999999999957,86.54999999999973,90.99999999999963,104.99999999999966
3,4,120,636,0.0,500,1000,83.54999999999961,87.99999999999984,83.9999999999998,86.99999999999947,66.99999999999977,89.99999999999999,-469.59999999999957,-471.5599999999996,-469.9599999999998,-471.1599999999993,-463.15999999999974,-472.35999999999956,83.54999999999961,87.99999999999984,83.9999999999998,86.99999999999947,66.99999999999977,89.99999999999999
3,4,121,688,0.0,500,1000,96.99999999999973,68.99999999999973,84.99999999999976,98.89999999999965,71.5499999999996,77.99999999999966,-527.2399999999992,-516.039999999999,-522.4399999999993,-527.9599999999991,-516.8799999999987,-519.6399999999995,96.99999999999973,68.99999999999973,84.99999999999976,98.89999999999965,71.5499999999996,77.99999999999966
3,4,122,725,0.0,500,1000,133.54999999999995,130.84999999999965,71.99999999999969,22.00000000000006,116.9999999999995,24.00000000000005,-578.7199999999992,-577.7599999999994,-554.2799999999993,-534.2799999999993,-572.2799999999991,-535.0799999999989,133.54999999999995,130.84999999999965,71.99999999999969,22.00000000000006,116.9999999999995,24.00000000000005
3,4,123,748,0.0,500,1000,81.54999999999971,87.99999999999949,88.99999999999963,84.99999999999976,66.99999999999967,88.9999999999998,-580.8,-583.5600000000002,-583.9600000000003,-582.3600000000005,-575.1600000000003,-583.9600000000004,81.54999999999971,87.99999999999949,88.99999999999963,84.99999999999976,66.99999999999967,88.9999999999998
3,4,124,647,0.0,500,1000,85.99999999999964,91.99999999999986,73.9999999999997,90.5499999999997,83.99999999999977,72.99999999999982,-481.7599999999995,-484.1599999999997,-476.95999999999975,-483.3999999999998,-480.9599999999994,-476.5599999999997,85.99999999999964,91.99999999999986,73.9999999999997,90.5499999999997,83.99999999999977,72.99999999999982
3,4,125,911,0.0,500,1000,77.5499999999998,80.99999999999957,76.99999999999966,79.99999999999977,88.99999999999945,94.99999999999963,-742.1999999999996,-743.7599999999996,-742.1599999999996,-743.3599999999997,-746.9599999999997,-749.3599999999994,77.5499999999998,80.99999999999957,76.99999999999966,79.99999999999977,88.99999999999945,94.99999999999963
3,4,126,724,0.0,500,1000,117.99999999999943,57.99999999999986,105.9999999999998,93.54999999999974,29.00000000000001,94.99999999999972,-571.5599999999995,-547.5599999999988,-566.7599999999991,-561.5999999999985,-535.9599999999996,-562.359999999999,117.99999999999943,57.99999999999986,105.9999999999998,93.54999999999974,29.00000000000001,94.99999999999972
3,4,127,568,0.0,500,1000,84.9999999999999,63.99999999999982,87.74999999999972,86.9999999999998,93.99999999999979,81.54999999999974,-402.5599999999991,-394.15999999999923,-403.55999999999915,-403.3599999999996,-406.15999999999906,-400.9999999999994,84.9999999999999,63.99999999999982,87.74999999999972,86.9999999999998,93.99999999999979,81.54999999999974
3,4,128,604,0.0,500,1000,83.99999999999956,30.00000000000006,95.99999999999949,102.9999999999997,93.54999999999976,92.99999999999955,-437.9599999999986,-416.3599999999991,-442.75999999999937,-445.55999999999864,-441.5999999999991,-441.5599999999994,83.99999999999956,30.00000000000006,95.99999999999949,102.9999999999997,93.54999999999976,92.99999999999955
3,4,129,774,0.0,500,1000,94.9999999999995,43.999999999999964,91.99999999999957,57.54999999999984,100.99999999999955,109.99999999999993,-612.3599999999989,-591.959999999999,-611.1599999999992,-597.1999999999989,-614.7599999999998,-618.3599999999991,94.9999999999995,43.999999999999964,91.99999999999957,57.54999999999984,100.99999999999955,109.99999999999993
3,4,130,718,0.0,500,1000,102.54999999999957,98.9999999999996,88.9999999999997,78.99999999999964,37.549999999999855,91.99999999999973,-559.5599999999997,-558.3199999999998,-554.3199999999991,-550.3199999999989,-533.5599999999997,-555.52,102.54999999999957,98.9999999999996,88.9999999999997,78.99999999999964,37.549999999999855,91.99999999999973
3,4,131,706,0.0,500,1000,82.99999999999967,79.54999999999961,85.99999999999983,71.99999999999991,89.99999999999962,88.99999999999973,-539.56,-537.9999999999995,-540.7599999999999,-535.1600000000001,-542.3600000000002,-541.9600000000002,82.99999999999967,79.54999999999961,85.99999999999983,71.99999999999991,89.99999999999962,88.99999999999973
3,4,132,671,0.0,500,1000,109.99999999999976,121.54999999999984,91.99999999999967,113.99999999999966,56.99999999999971,4.999999999999996,-515.3599999999994,-519.7999999999987,-508.1599999999989,-516.9599999999989,-494.159999999999,-473.3599999999986,109.99999999999976,121.54999999999984,91.99999999999967,113.99999999999966,56.99999999999971,4.999999999999996
3,4,133,764,0.0,500,1000,86.99999999999974,97.99999999999973,101.99999999999959,90.99999999999979,30.000000000000036,91.54999999999956,-599.1599999999992,-603.5599999999995,-605.1599999999994,-600.7599999999993,-576.359999999999,-600.7999999999995,86.99999999999974,97.99999999999973,101.99999999999959,90.99999999999979,30.000000000000036,91.54999999999956
3,4,134,1000,1.0,500,1000,91.99999999999947,110.99999999999945,23.000000000000053,102.99999999999956,56.999999999999815,112.99999999999957,-837.1999999999996,-844.8000000000008,-809.5999999999999,-841.5999999999999,-823.2,-845.5999999999995,91.99999999999947,110.99999999999945,23.000000000000053,102.99999999999956,56.999999999999815,112.99999999999957
3,4,135,924,0.0,500,1000,5.999999999999994,116.99999999999936,69.9999999999997,93.99999999999966,97.54999999999964,114.99999999999956,-726.7599999999993,-771.1599999999992,-752.3599999999988,-761.9599999999991,-763.1999999999989,-770.3599999999992,5.999999999999994,116.99999999999936,69.9999999999997,93.99999999999966,97.54999999999964,114.99999999999956
3,4,136,843,0.0,500,1000,120.54999999999932,116.9999999999993,111.99999999999953,112.99999999999952,26.000000000000036,11.000000000000014,-691.3999999999999,-690.1599999999994,-688.1599999999994,-688.5599999999986,-653.7599999999995,-647.7599999999994,120.54999999999932,116.9999999999993,111.99999999999953,112.99999999999952,26.000000000000036,11.000000000000014
3,4,137,754,0.0,500,1000,119.99999999999945,37.99999999999995,112.9999999999998,80.99999999999952,96.54999999999976,50.99999999999999,-602.3599999999994,-569.5599999999994,-599.5599999999993,-586.7599999999998,-592.7999999999986,-574.7599999999993,119.99999999999945,37.99999999999995,112.9999999999998,80.99999999999952,96.54999999999976,50.99999999999999
3,4,138,694,0.0,500,1000,106.99999999999964,47.9999999999999,80.99999999999959,106.9999999999996,91.99999999999984,64.54999999999983,-537.1599999999995,-513.5599999999993,-526.7599999999993,-537.1599999999987,-531.1599999999992,-519.9999999999993,106.99999999999964,47.9999999999999,80.99999999999959,106.9999999999996,91.99999999999984,64.54999999999983
3,4,139,1000,1.0,500,1000,99.99999999999963,75.99999999999969,50.99999999999982,89.99999999999946,108.9999999999996,72.9999999999997,-840.3999999999999,-830.8,-820.8,-836.3999999999996,-843.9999999999999,-829.5999999999995,99.99999999999963,75.99999999999969,50.99999999999982,89.99999999999946,108.9999999999996,72.9999999999997
3,4,140,1000,1.0,500,1000,65.99999999999967,112.99999999999956,107.99999999999949,94.99999999999947,54.99999999999976,61.999999999999986,-826.8000000000011,-845.5999999999997,-843.6000000000008,-838.4000000000008,-822.4000000000008,-825.2000000000013,65.99999999999967,112.99999999999956,107.99999999999949,94.99999999999947,54.99999999999976,61.999999999999986
3,4,141,804,0.0,500,1000,73.99999999999989,87.99999999999946,98.9999999999995,81.99999999999964,82.54999999999957,73.9999999999998,-633.9599999999991,-639.5599999999988,-643.959999999999,-637.159999999999,-637.1999999999995,-633.959999999999,73.99999999999989,87.99999999999946,98.9999999999995,81.99999999999964,82.54999999999957,73.9999999999998
3,4,142,761,0.0,500,1000,65.99999999999982,59.9999999999999,106.99999999999972,81.5499999999997,94.99999999999949,89.99999999999956,-587.7599999999986,-585.3599999999988,-604.159999999999,-593.7999999999992,-599.359999999999,-597.3599999999988,65.99999999999982,59.9999999999999,106.99999999999972,81.5499999999997,94.99999999999949,89.99999999999956
3,4,143,528,0.0,500,1000,72.99999999999983,87.64999999999958,91.54999999999964,74.99999999999976,88.9999999999996,82.99999999999982,-357.84000000000015,-363.5599999999997,-365.0799999999998,-358.64000000000004,-364.23999999999995,-361.84000000000026,72.99999999999983,87.64999999999958,91.54999999999964,74.99999999999976,88.9999999999996,82.99999999999982
3,4,144,588,0.0,500,1000,73.9999999999998,89.99999999999973,91.54999999999973,74.9999999999997,78.99999999999967,89.9999999999995,-417.9599999999997,-424.3599999999992,-424.79999999999956,-418.3599999999997,-419.9599999999995,-424.35999999999956,73.9999999999998,89.99999999999973,91.54999999999973,74.9999999999997,78.99999999999967,89.9999999999995
3,4,145,791,0.0,500,1000,89.99999999999945,87.99999999999972,92.54999999999983,95.99999999999956,43.99999999999987,88.99999999999973,-627.3599999999999,-626.5599999999994,-628.1999999999998,-629.7599999999995,-608.9599999999998,-626.9599999999996,89.99999999999945,87.99999999999972,92.54999999999983,95.99999999999956,43.99999999999987,88.99999999999973
3,4,146,472,0.0,500,1000,90.99999999999956,83.99999999999955,93.9999999999995,81.54999999999978,87.54999999999959,60.94999999999986,-309.15999999999923,-306.3599999999994,-310.3599999999996,-305.19999999999965,-307.59999999999945,-297.11999999999983,90.99999999999956,83.99999999999955,93.9999999999995,81.54999999999978,87.54999999999959,60.94999999999986
3,4,147,646,0.0,500,1000,97.99999999999964,76.99999999999976,81.99999999999974,37.99999999999994,104.54999999999959,99.99999999999963,-485.5599999999999,-477.1599999999997,-479.1599999999996,-461.5599999999993,-487.99999999999943,-486.35999999999956,97.99999999999964,76.99999999999976,81.99999999999974,37.99999999999994,104.54999999999959,99.99999999999963
3,4,148,483,0.0,500,1000,78.99999999999964,94.99999999999972,102.54999999999953,97.99999999999974,38.94999999999986,85.99999999999983,-314.99999999999915,-321.3999999999991,-324.2399999999994,-322.5999999999994,-298.95999999999964,-317.7999999999992,78.99999999999964,94.99999999999972,102.54999999999953,97.99999999999974,38.94999999999986,85.99999999999983
3,4,149,516,0.0,500,1000,84.99999999999977,92.54999999999978,89.99999999999972,94.9999999999998,39.99999999999995,96.99999999999973,-350.3599999999998,-353.1999999999997,-352.3599999999996,-354.3599999999997,-332.3599999999996,-355.15999999999985,84.99999999999977,92.54999999999978,89.99999999999972,94.9999999999998,39.99999999999995,96.99999999999973
3,4,150,801,0.0,500,1000,101.99999999999953,79.99999999999979,96.54999999999971,95.99999999999949,33.0,91.99999999999967,-642.1599999999995,-633.3599999999993,-639.799999999999,-639.7599999999989,-614.5599999999995,-638.159999999999,101.99999999999953,79.99999999999979,96.54999999999971,95.99999999999949,33.0,91.99999999999967
3,4,151,856,0.0,500,1000,82.99999999999953,91.54999999999986,87.9999999999996,94.99999999999959,48.999999999999964,92.99999999999949,-689.5599999999994,-692.7999999999992,-691.5599999999989,-694.3599999999994,-675.9599999999987,-693.5599999999993,82.99999999999953,91.54999999999986,87.9999999999996,94.99999999999959,48.999999999999964,92.99999999999949
3,4,152,1000,1.0,500,1000,29.000000000000107,101.99999999999943,24.000000000000046,105.99999999999966,120.99999999999949,116.99999999999932,-811.9999999999986,-841.1999999999998,-809.999999999999,-842.7999999999997,-848.7999999999996,-847.2000000000005,29.000000000000107,101.99999999999943,24.000000000000046,105.99999999999966,120.99999999999949,116.99999999999932
