simulation_number,seed,episode,step,resource_remaining,initial_resources,max_step,observation_0,observation_1,observation_2,action_0,action_1,action_2,personal_reward_0,personal_reward_1,personal_reward_2,empathic_reward_0,empathic_reward_1,empathic_reward_2,total_reward_0,total_reward_1,total_reward_2
0,0,0,0,98.0,100,500,[-1.],0,0.0,-0.8,-0.4,[-1.],1,0.55,-0.9,-0.175,[-1.],1,0.55,-0.9,-0.175
0,0,0,1,97.0,100,500,[-0.8],1,0.55,-0.8,-0.125,[-0.9],0,0.05,-0.8,-0.375,[-0.9],0,0.05,-0.8,-0.375
0,0,0,2,95.0,100,500,[-0.8],1,0.6,-0.7,-0.04999999999999999,[-0.8],1,0.6,-0.7,-0.04999999999999999,[-0.8],0,0.05,-0.6,-0.27499999999999997
0,0,0,3,94.0,100,500,[-0.7],1,0.65,-0.7,-0.024999999999999967,[-0.7],0,0.1,-0.6000000000000001,-0.25000000000000006,[-0.6],0,0.05,-0.5,-0.225
0,0,0,4,91.0,100,500,[-0.7],1,0.7,-0.5,0.09999999999999998,[-0.6],1,0.65,-0.39999999999999997,0.12500000000000003,[-0.5],1,0.6,-0.3,0.15
0,0,0,5,89.0,100,500,[-0.5],1,0.75,-0.39999999999999997,0.17500000000000002,[-0.4],1,0.7,-0.3,0.19999999999999998,[-0.3],0,0.1,-0.09999999999999998,1.3877787807814457e-17
0,0,0,6,88.0,100,500,[-0.4],0,0.25,-0.3,-0.024999999999999994,[-0.3],0,0.2,-0.2,0.0,[-0.1],1,0.65,-0.09999999999999998,0.275
0,0,0,7,87.0,100,500,[-0.3],0,0.25,-0.19999999999999996,0.025000000000000022,[-0.2],0,0.2,-0.09999999999999998,0.05000000000000002,[-0.1],1,0.7,-0.09999999999999998,0.3
0,0,0,8,86.0,100,500,[-0.2],0,0.25,-0.09999999999999998,0.07500000000000001,[-0.1],0,0.2,0.0,0.1,[-0.1],1,0.75,-0.09999999999999998,0.325
0,0,0,9,84.0,100,500,[-0.1],1,0.8,0.0,0.4,[0.],0,0.2,0.19999999999999996,0.19999999999999998,[-0.1],1,0.8,0.0,0.4
0,0,0,10,82.0,100,500,[0.],1,0.85,-0.09999999999999998,0.375,[0.2],1,0.7,0.19999999999999996,0.44999999999999996,[0.],0,0.25,0.09999999999999998,0.175
0,0,0,11,80.0,100,500,[-0.1],1,0.85,0.0,0.425,[0.2],1,0.75,0.19999999999999996,0.475,[0.1],0,0.25,0.19999999999999996,0.22499999999999998
0,0,0,12,79.0,100,500,[0.],0,0.3,0.0,0.15,[0.2],1,0.75,0.09999999999999998,0.425,[0.2],0,0.25,0.09999999999999998,0.175
0,0,0,13,78.0,100,500,[0.],0,0.25,0.09999999999999998,0.175,[0.1],0,0.25,0.09999999999999998,0.175,[0.1],1,0.8,0.0,0.4
0,0,0,14,78.0,100,500,[0.1],0,0.2,-0.09999999999999998,0.05000000000000002,[0.1],0,0.2,-0.09999999999999998,0.05000000000000002,[0.],0,0.25,-0.19999999999999996,0.025000000000000022
0,0,0,15,76.0,100,500,[-0.1],1,0.7,-0.09999999999999998,0.3,[-0.1],1,0.7,-0.09999999999999998,0.3,[-0.2],0,0.25,-0.19999999999999996,0.025000000000000022
0,0,0,16,75.0,100,500,[-0.1],1,0.2,-0.09999999999999998,0.05000000000000002,[-0.1],1,0.75,-0.19999999999999996,0.275,[-0.2],0,0.2,-0.09999999999999998,0.05000000000000002
0,0,0,17,75.0,100,500,[-0.1],0,0.2,-0.2,0.0,[-0.2],1,0.25,-0.3,-0.024999999999999994,[-0.1],0,0.15,-0.09999999999999998,0.02500000000000001
0,0,0,18,73.0,100,500,[-0.2],1,0.75,-0.2,0.275,[-0.3],0,0.25,-0.2,0.024999999999999994,[-0.1],1,0.65,0.0,0.325
0,0,0,19,73.0,100,500,[-0.2],0,0.2,-0.3,-0.04999999999999999,[-0.2],0,0.25,-0.39999999999999997,-0.07499999999999998,[0.],0,0.1,-0.09999999999999998,1.3877787807814457e-17
0,0,0,20,72.0,100,500,[-0.3],0,0.15,-0.3,-0.075,[-0.4],1,0.75,-0.5,0.125,[-0.1],0,0.1,-0.2,-0.05
0,0,0,21,69.0,100,500,[-0.3],1,0.65,-0.2,0.225,[-0.5],1,0.75,-0.4,0.175,[-0.2],1,0.65,-0.2,0.225
0,0,0,22,69.0,100,500,[-0.2],0,0.15,-0.3,-0.075,[-0.4],0,0.2,-0.4,-0.1,[-0.2],0,0.15,-0.3,-0.075
0,0,0,23,68.0,100,500,[-0.3],0,0.15,-0.3,-0.075,[-0.4],0,0.2,-0.4,-0.1,[-0.3],1,0.65,-0.3,0.17500000000000002
0,0,0,24,67.0,100,500,[-0.3],1,0.7,-0.3,0.19999999999999998,[-0.4],0,0.2,-0.3,-0.04999999999999999,[-0.3],1,0.15,-0.19999999999999996,-0.02499999999999998
0,0,0,25,67.0,100,500,[-0.3],0,0.15,-0.4,-0.125,[-0.3],1,0.15,-0.4,-0.125,[-0.2],1,0.15,-0.4,-0.125
0,0,0,26,66.0,100,500,[-0.4],1,0.7,-0.5,0.09999999999999998,[-0.4],0,0.1,-0.3,-0.09999999999999999,[-0.4],0,0.15,-0.39999999999999997,-0.12499999999999999
0,0,0,27,66.0,100,500,[-0.5],1,0.2,-0.5,-0.15,[-0.3],0,0.1,-0.3,-0.09999999999999999,[-0.4],1,0.15,-0.39999999999999997,-0.12499999999999999
0,0,0,28,65.0,100,500,[-0.5],0,0.15,-0.5,-0.175,[-0.3],1,0.65,-0.5,0.07500000000000001,[-0.4],0,0.1,-0.4,-0.15000000000000002
0,0,0,29,65.0,100,500,[-0.5],0,0.15,-0.5,-0.175,[-0.5],0,0.15,-0.5,-0.175,[-0.4],0,0.1,-0.4,-0.15000000000000002
0,0,0,30,63.0,100,500,[-0.5],1,0.7,-0.5,0.09999999999999998,[-0.5],1,0.65,-0.39999999999999997,0.12500000000000003,[-0.4],0,0.1,-0.3,-0.09999999999999999
0,0,0,31,61.0,100,500,[-0.5],1,0.7,-0.6,0.04999999999999999,[-0.4],0,0.1,-0.39999999999999997,-0.14999999999999997,[-0.3],1,0.6,-0.39999999999999997,0.1
0,0,0,32,60.0,100,500,[-0.6],0,0.2,-0.5,-0.15,[-0.4],1,0.65,-0.39999999999999997,0.12500000000000003,[-0.4],0,0.1,-0.3,-0.09999999999999999
0,0,0,33,60.0,100,500,[-0.5],1,0.2,-0.6000000000000001,-0.20000000000000004,[-0.4],1,0.15,-0.5,-0.175,[-0.3],0,0.05,-0.3,-0.125
0,0,0,34,58.0,100,500,[-0.6],0,0.15,-0.39999999999999997,-0.12499999999999999,[-0.5],1,0.7,-0.5,0.09999999999999998,[-0.3],1,0.6,-0.3,0.15
0,0,0,35,56.0,100,500,[-0.4],1,0.7,-0.3,0.19999999999999998,[-0.5],1,0.75,-0.39999999999999997,0.17500000000000002,[-0.3],0,0.1,-0.09999999999999998,1.3877787807814457e-17
0,0,0,36,56.0,100,500,[-0.3],1,0.15,-0.3,-0.075,[-0.4],0,0.25,-0.5,-0.125,[-0.1],0,0.1,-0.2,-0.05
0,0,0,37,54.0,100,500,[-0.3],1,0.7,-0.2,0.24999999999999997,[-0.5],1,0.8,-0.39999999999999997,0.20000000000000004,[-0.2],0,0.1,0.0,0.05
0,0,0,38,53.0,100,500,[-0.2],1,0.75,-0.3,0.225,[-0.4],0,0.25,-0.3,-0.024999999999999994,[0.],0,0.1,0.0,0.05
0,0,0,39,50.0,100,500,[-0.3],1,0.8,-0.10000000000000003,0.35,[-0.3],1,0.8,-0.10000000000000003,0.35,[0.],1,0.65,0.19999999999999996,0.425
0,0,0,40,50.0,100,500,[-0.1],0,0.25,-0.2,0.024999999999999994,[-0.1],1,0.25,-0.2,0.024999999999999994,[0.2],0,0.15,0.0,0.075
0,0,0,41,50.0,100,500,[-0.2],0,0.2,-0.3,-0.04999999999999999,[-0.2],0,0.25,-0.39999999999999997,-0.07499999999999998,[0.],0,0.1,-0.09999999999999998,1.3877787807814457e-17
0,0,0,42,49.0,100,500,[-0.3],0,0.2,-0.3,-0.04999999999999999,[-0.4],1,0.75,-0.39999999999999997,0.17500000000000002,[-0.1],0,0.1,-0.09999999999999998,1.3877787807814457e-17
0,0,0,43,48.0,100,500,[-0.3],1,0.75,-0.3,0.225,[-0.4],1,0.25,-0.3,-0.024999999999999994,[-0.1],1,0.1,0.0,0.05
0,0,0,44,48.0,100,500,[-0.3],0,0.25,-0.5,-0.125,[-0.3],0,0.2,-0.4,-0.1,[0.],1,0.05,-0.09999999999999998,-0.024999999999999988
0,0,0,45,48.0,100,500,[-0.5],1,0.2,-0.6000000000000001,-0.20000000000000004,[-0.4],1,0.15,-0.5,-0.175,[-0.1],1,0.05,-0.3,-0.125
0,0,0,46,48.0,100,500,[-0.6],1,0.2,-0.6000000000000001,-0.20000000000000004,[-0.5],0,0.15,-0.5,-0.175,[-0.3],0,0.05,-0.3,-0.125
0,0,0,47,47.0,100,500,[-0.6],1,0.7,-0.7,0.0,[-0.5],1,0.1,-0.5,-0.2,[-0.3],1,0.05,-0.39999999999999997,-0.175
0,0,0,48,46.0,100,500,[-0.7],1,0.7,-0.7,0.0,[-0.5],0,0.1,-0.5,-0.2,[-0.4],1,0.05,-0.39999999999999997,-0.175
0,0,0,49,45.0,100,500,[-0.7],1,0.7,-0.9,-0.10000000000000003,[-0.5],0,0.05,-0.6,-0.27499999999999997,[-0.4],1,0.0,-0.5,-0.25
0,0,0,50,45.0,100,500,[-0.9],0,0.2,-0.9,-0.35,[-0.6],0,0.05,-0.6,-0.27499999999999997,[-0.5],1,0.0,-0.5,-0.25
0,0,0,51,44.0,100,500,[-0.9],1,0.2,-0.8,-0.30000000000000004,[-0.6],0,0.05,-0.5,-0.225,[-0.5],1,0.55,-0.5,0.025000000000000022
0,0,0,52,42.0,100,500,[-0.8],1,0.75,-0.8,-0.025000000000000022,[-0.5],1,0.0,-0.3,-0.15,[-0.5],1,0.6,-0.5,0.04999999999999999
0,0,0,53,41.0,100,500,[-0.8],1,0.75,-0.8,-0.025000000000000022,[-0.3],0,0.0,-0.3,-0.15,[-0.5],1,0.1,-0.5,-0.2
0,0,0,54,41.0,100,500,[-0.8],0,0.25,-0.8,-0.275,[-0.3],1,0.0,-0.3,-0.15,[-0.5],0,0.1,-0.5,-0.2
0,0,0,55,41.0,100,500,[-0.8],1,0.25,-0.8,-0.275,[-0.3],0,0.0,-0.3,-0.15,[-0.5],1,0.1,-0.5,-0.2
0,0,0,56,41.0,100,500,[-0.8],1,0.25,-0.8,-0.275,[-0.3],0,0.0,-0.3,-0.15,[-0.5],0,0.1,-0.5,-0.2
0,0,0,57,40.0,100,500,[-0.8],1,0.75,-0.8,-0.025000000000000022,[-0.3],0,0.0,-0.3,-0.15,[-0.5],0,0.1,-0.5,-0.2
0,0,0,58,38.0,100,500,[-0.8],1,0.75,-0.7,0.025000000000000022,[-0.3],1,0.55,-0.3,0.12500000000000003,[-0.5],0,0.1,-0.4,-0.15000000000000002
0,0,0,59,38.0,100,500,[-0.7],1,0.2,-0.7,-0.24999999999999997,[-0.3],1,0.05,-0.39999999999999997,-0.175,[-0.4],0,0.1,-0.5,-0.2
0,0,0,60,37.0,100,500,[-0.7],0,0.2,-0.6,-0.19999999999999998,[-0.4],1,0.6,-0.39999999999999997,0.1,[-0.5],0,0.1,-0.39999999999999997,-0.14999999999999997
0,0,0,61,37.0,100,500,[-0.6],1,0.2,-0.7,-0.24999999999999997,[-0.4],1,0.1,-0.5,-0.2,[-0.4],0,0.05,-0.39999999999999997,-0.175
0,0,0,62,36.0,100,500,[-0.7],1,0.15,-0.7,-0.27499999999999997,[-0.5],0,0.1,-0.6000000000000001,-0.25000000000000006,[-0.4],1,0.55,-0.5,0.025000000000000022
0,0,0,63,36.0,100,500,[-0.7],0,0.1,-0.7,-0.3,[-0.6],1,0.1,-0.7,-0.3,[-0.5],0,0.05,-0.6,-0.27499999999999997
0,0,0,64,35.0,100,500,[-0.7],1,0.65,-0.7,-0.024999999999999967,[-0.7],1,0.1,-0.6000000000000001,-0.25000000000000006,[-0.6],0,0.05,-0.5,-0.225
0,0,0,65,35.0,100,500,[-0.7],1,0.15,-0.7,-0.27499999999999997,[-0.6],0,0.1,-0.6000000000000001,-0.25000000000000006,[-0.5],0,0.05,-0.5,-0.225
0,0,0,66,35.0,100,500,[-0.7],1,0.15,-0.7,-0.27499999999999997,[-0.6],0,0.1,-0.6000000000000001,-0.25000000000000006,[-0.5],0,0.05,-0.5,-0.225
0,0,0,67,35.0,100,500,[-0.7],1,0.1,-0.7,-0.3,[-0.6],0,0.1,-0.7,-0.3,[-0.5],1,0.05,-0.6,-0.27499999999999997
0,0,0,68,34.0,100,500,[-0.7],0,0.05,-0.7,-0.32499999999999996,[-0.7],0,0.05,-0.7,-0.32499999999999996,[-0.6],1,0.6,-0.8,-0.10000000000000003
0,0,0,69,33.0,100,500,[-0.7],1,0.6,-0.7,-0.04999999999999999,[-0.7],1,0.05,-0.6,-0.27499999999999997,[-0.8],0,0.1,-0.7,-0.3
0,0,0,70,33.0,100,500,[-0.7],0,0.1,-0.8,-0.35000000000000003,[-0.6],1,0.0,-0.6,-0.3,[-0.7],1,0.1,-0.8,-0.35000000000000003
0,0,0,71,33.0,100,500,[-0.8],0,0.1,-0.8,-0.35000000000000003,[-0.6],1,0.0,-0.6,-0.3,[-0.8],0,0.1,-0.8,-0.35000000000000003
0,0,0,72,32.0,100,500,[-0.8],0,0.1,-0.8,-0.35000000000000003,[-0.6],1,0.0,-0.6,-0.3,[-0.8],1,0.6,-0.8,-0.10000000000000003
0,0,0,73,31.0,100,500,[-0.8],1,0.65,-0.8,-0.07500000000000001,[-0.6],1,0.0,-0.5,-0.25,[-0.8],0,0.1,-0.7,-0.3
0,0,0,74,30.0,100,500,[-0.8],0,0.1,-0.7,-0.3,[-0.5],1,0.55,-0.6,-0.024999999999999967,[-0.7],1,0.1,-0.7,-0.3
0,0,0,75,30.0,100,500,[-0.7],0,0.1,-0.7,-0.3,[-0.6],1,0.05,-0.6,-0.27499999999999997,[-0.7],0,0.1,-0.7,-0.3
0,0,0,76,29.0,100,500,[-0.7],0,0.1,-0.6000000000000001,-0.25000000000000006,[-0.6],1,0.05,-0.5,-0.225,[-0.7],1,0.65,-0.7,-0.024999999999999967
0,0,0,77,29.0,100,500,[-0.6],0,0.1,-0.6000000000000001,-0.25000000000000006,[-0.5],1,0.05,-0.5,-0.225,[-0.7],0,0.15,-0.7,-0.27499999999999997
0,0,0,78,29.0,100,500,[-0.6],1,0.1,-0.7,-0.3,[-0.5],0,0.05,-0.6,-0.27499999999999997,[-0.7],0,0.1,-0.7,-0.3
0,0,0,79,28.0,100,500,[-0.7],1,0.05,-0.6,-0.27499999999999997,[-0.6],1,0.6,-0.7,-0.04999999999999999,[-0.7],0,0.1,-0.7,-0.3
0,0,0,80,27.0,100,500,[-0.6],0,0.05,-0.5,-0.225,[-0.7],1,0.65,-0.7,-0.024999999999999967,[-0.7],0,0.1,-0.6000000000000001,-0.25000000000000006
0,0,0,81,27.0,100,500,[-0.5],0,0.05,-0.5,-0.225,[-0.7],1,0.15,-0.7,-0.27499999999999997,[-0.6],0,0.1,-0.6000000000000001,-0.25000000000000006
0,0,0,82,26.0,100,500,[-0.5],1,0.6,-0.6000000000000001,-5.551115123125783e-17,[-0.7],1,0.15,-0.7,-0.27499999999999997,[-0.6],1,0.05,-0.5,-0.225
0,0,0,83,25.0,100,500,[-0.6],0,0.05,-0.5,-0.225,[-0.7],1,0.7,-0.8,-0.050000000000000044,[-0.5],0,0.05,-0.5,-0.225
0,0,0,84,24.0,100,500,[-0.5],0,0.05,-0.5,-0.225,[-0.8],1,0.7,-0.8,-0.050000000000000044,[-0.5],1,0.05,-0.5,-0.225
0,0,0,85,24.0,100,500,[-0.5],1,0.05,-0.5,-0.225,[-0.8],1,0.2,-0.8,-0.30000000000000004,[-0.5],1,0.05,-0.5,-0.225
0,0,0,86,23.0,100,500,[-0.5],1,0.05,-0.5,-0.225,[-0.8],1,0.75,-0.9,-0.07500000000000001,[-0.5],0,0.0,-0.4,-0.2
0,0,0,87,23.0,100,500,[-0.5],1,0.05,-0.5,-0.225,[-0.9],0,0.25,-0.9,-0.325,[-0.4],1,0.0,-0.4,-0.2
0,0,0,88,22.0,100,500,[-0.5],1,0.05,-0.4,-0.17500000000000002,[-0.9],1,0.8,-0.9,-0.04999999999999999,[-0.4],1,0.0,-0.30000000000000004,-0.15000000000000002
0,0,0,89,22.0,100,500,[-0.4],1,0.05,-0.5,-0.225,[-0.9],1,0.25,-0.9,-0.325,[-0.3],0,0.0,-0.4,-0.2
0,0,0,90,21.0,100,500,[-0.5],1,0.05,-0.5,-0.225,[-0.9],1,0.75,-0.9,-0.07500000000000001,[-0.4],1,0.0,-0.4,-0.2
0,0,0,91,21.0,100,500,[-0.5],0,0.05,-0.5,-0.225,[-0.9],0,0.25,-0.9,-0.325,[-0.4],1,0.0,-0.4,-0.2
0,0,0,92,20.0,100,500,[-0.5],1,0.55,-0.5,0.025000000000000022,[-0.9],1,0.25,-0.9,-0.325,[-0.4],0,0.0,-0.4,-0.2
0,0,0,93,18.0,100,500,[-0.5],1,0.6,-0.5,0.04999999999999999,[-0.9],1,0.75,-0.8,-0.025000000000000022,[-0.4],1,0.0,-0.3,-0.15
0,0,0,94,18.0,100,500,[-0.5],0,0.1,-0.6,-0.25,[-0.8],0,0.2,-0.8,-0.30000000000000004,[-0.3],0,0.0,-0.39999999999999997,-0.19999999999999998
0,0,0,95,18.0,100,500,[-0.6],0,0.1,-0.6,-0.25,[-0.8],0,0.2,-0.8,-0.30000000000000004,[-0.4],1,0.0,-0.39999999999999997,-0.19999999999999998
0,0,0,96,18.0,100,500,[-0.6],0,0.1,-0.7,-0.3,[-0.8],0,0.15,-0.8,-0.325,[-0.4],0,0.0,-0.5,-0.25
0,0,0,97,18.0,100,500,[-0.7],0,0.1,-0.7,-0.3,[-0.8],1,0.15,-0.8,-0.325,[-0.5],1,0.0,-0.5,-0.25
0,0,0,98,17.0,100,500,[-0.7],0,0.1,-0.7,-0.3,[-0.8],1,0.1,-0.7,-0.3,[-0.5],1,0.55,-0.6,-0.024999999999999967
0,0,0,99,17.0,100,500,[-0.7],0,0.1,-0.7,-0.3,[-0.7],0,0.1,-0.7,-0.3,[-0.6],0,0.05,-0.6,-0.27499999999999997
0,0,0,100,17.0,100,500,[-0.7],0,0.1,-0.8,-0.35000000000000003,[-0.7],0,0.05,-0.7,-0.32499999999999996,[-0.6],0,0.05,-0.7,-0.32499999999999996
0,0,0,101,17.0,100,500,[-0.8],0,0.1,-0.8,-0.35000000000000003,[-0.7],0,0.05,-0.7,-0.32499999999999996,[-0.7],0,0.05,-0.7,-0.32499999999999996
0,0,0,102,17.0,100,500,[-0.8],0,0.05,-0.8,-0.375,[-0.7],0,0.05,-0.8,-0.375,[-0.7],0,0.05,-0.8,-0.375
0,0,0,103,17.0,100,500,[-0.8],1,0.0,-0.9,-0.45,[-0.8],0,0.0,-0.9,-0.45,[-0.8],1,0.05,-1.0,-0.475
0,0,0,104,17.0,100,500,[-0.9],0,0.0,-0.9,-0.45,[-0.9],1,0.0,-0.9,-0.45,[-1.],0,0.05,-1.0,-0.475
0,0,0,105,17.0,100,500,[-0.9],1,0.0,-0.9,-0.45,[-0.9],0,0.0,-0.9,-0.45,[-1.],0,0.05,-1.0,-0.475
0,0,0,106,17.0,100,500,[-0.9],1,0.0,-0.9,-0.45,[-0.9],0,0.0,-0.9,-0.45,[-1.],0,0.05,-1.0,-0.475
0,0,0,107,17.0,100,500,[-0.9],0,0.0,-0.9,-0.45,[-0.9],1,0.0,-0.9,-0.45,[-1.],0,0.05,-1.0,-0.475
0,0,0,108,17.0,100,500,[-0.9],1,0.0,-1.0,-0.5,[-0.9],1,0.0,-1.0,-0.5,[-1.],0,0.0,-1.0,-0.5
0,0,0,109,17.0,100,500,[-1.],1,0.0,-1.0,-0.5,[-1.],1,0.0,-1.0,-0.5,[-1.],0,0.0,-1.0,-0.5
0,0,0,110,17.0,100,500,[-1.],1,0.0,-1.0,-0.5,[-1.],1,0.0,-1.0,-0.5,[-1.],0,0.0,-1.0,-0.5
0,0,0,111,17.0,100,500,[-1.],1,0.0,-1.0,-0.5,[-1.],1,0.0,-1.0,-0.5,[-1.],0,0.0,-1.0,-0.5
0,0,0,112,17.0,100,500,[-1.],1,0.0,-1.0,-0.5,[-1.],1,0.0,-1.0,-0.5,[-1.],0,0.0,-1.0,-0.5
0,0,0,113,16.0,100,500,[-1.],1,0.55,-1.0,-0.22499999999999998,[-1.],1,0.0,-0.9,-0.45,[-1.],0,0.0,-0.9,-0.45
0,0,0,114,16.0,100,500,[-1.],0,0.05,-1.0,-0.475,[-0.9],1,0.0,-0.9,-0.45,[-0.9],0,0.0,-0.9,-0.45
0,0,0,115,16.0,100,500,[-1.],1,0.05,-1.0,-0.475,[-0.9],0,0.0,-0.9,-0.45,[-0.9],0,0.0,-0.9,-0.45
0,0,0,116,16.0,100,500,[-1.],1,0.05,-1.0,-0.475,[-0.9],0,0.0,-0.9,-0.45,[-0.9],0,0.0,-0.9,-0.45
0,0,0,117,16.0,100,500,[-1.],1,0.05,-1.0,-0.475,[-0.9],1,0.0,-0.9,-0.45,[-0.9],1,0.0,-0.9,-0.45
0,0,0,118,16.0,100,500,[-1.],0,0.05,-1.0,-0.475,[-0.9],1,0.0,-0.9,-0.45,[-0.9],0,0.0,-0.9,-0.45
0,0,0,119,16.0,100,500,[-1.],1,0.05,-1.0,-0.475,[-0.9],1,0.0,-0.9,-0.45,[-0.9],0,0.0,-0.9,-0.45
0,0,0,120,15.0,100,500,[-1.],1,0.6,-1.0,-0.2,[-0.9],1,0.0,-0.8,-0.4,[-0.9],1,0.0,-0.8,-0.4
0,0,0,121,14.0,100,500,[-1.],0,0.1,-0.9,-0.4,[-0.8],1,0.0,-0.7,-0.35,[-0.8],1,0.55,-0.8,-0.125
0,0,0,122,14.0,100,500,[-0.9],1,0.1,-0.9,-0.4,[-0.7],1,0.0,-0.7,-0.35,[-0.8],1,0.05,-0.8,-0.375
0,0,0,123,13.0,100,500,[-0.9],1,0.05,-0.8,-0.375,[-0.7],1,0.55,-0.8,-0.125,[-0.8],0,0.05,-0.8,-0.375
0,0,0,124,12.0,100,500,[-0.8],1,0.05,-0.7,-0.32499999999999996,[-0.8],1,0.6,-0.8,-0.10000000000000003,[-0.8],0,0.05,-0.7,-0.32499999999999996
0,0,0,125,12.0,100,500,[-0.7],0,0.05,-0.7,-0.32499999999999996,[-0.8],1,0.1,-0.8,-0.35000000000000003,[-0.7],1,0.05,-0.7,-0.32499999999999996
0,0,0,126,12.0,100,500,[-0.7],0,0.05,-0.7,-0.32499999999999996,[-0.8],0,0.1,-0.8,-0.35000000000000003,[-0.7],0,0.05,-0.7,-0.32499999999999996
0,0,0,127,12.0,100,500,[-0.7],1,0.05,-0.7,-0.32499999999999996,[-0.8],1,0.1,-0.8,-0.35000000000000003,[-0.7],0,0.05,-0.7,-0.32499999999999996
0,0,0,128,12.0,100,500,[-0.7],1,0.05,-0.7,-0.32499999999999996,[-0.8],0,0.1,-0.8,-0.35000000000000003,[-0.7],0,0.05,-0.7,-0.32499999999999996
0,0,0,129,12.0,100,500,[-0.7],0,0.05,-0.7,-0.32499999999999996,[-0.8],1,0.1,-0.8,-0.35000000000000003,[-0.7],1,0.05,-0.7,-0.32499999999999996
0,0,0,130,11.0,100,500,[-0.7],1,0.55,-0.7,-0.07499999999999996,[-0.8],0,0.1,-0.8,-0.35000000000000003,[-0.7],1,0.05,-0.7,-0.32499999999999996
0,0,0,131,11.0,100,500,[-0.7],1,0.05,-0.8,-0.375,[-0.8],0,0.1,-0.9,-0.4,[-0.7],0,0.0,-0.7,-0.35
0,0,0,132,11.0,100,500,[-0.8],0,0.05,-0.8,-0.375,[-0.9],1,0.1,-0.9,-0.4,[-0.7],1,0.0,-0.7,-0.35
0,0,0,133,11.0,100,500,[-0.8],0,0.05,-0.9,-0.425,[-0.9],0,0.05,-0.9,-0.425,[-0.7],0,0.0,-0.8,-0.4
0,0,0,134,11.0,100,500,[-0.9],1,0.05,-1.0,-0.475,[-0.9],1,0.0,-0.9,-0.45,[-0.8],0,0.0,-0.9,-0.45
0,0,0,135,10.0,100,500,[-1.],1,0.05,-0.9,-0.425,[-0.9],0,0.0,-0.8,-0.4,[-0.9],1,0.55,-0.9,-0.175
0,0,0,136,10.0,100,500,[-0.9],1,0.05,-0.9,-0.425,[-0.8],0,0.0,-0.8,-0.4,[-0.9],0,0.05,-0.9,-0.425
0,0,0,137,10.0,100,500,[-0.9],1,0.05,-0.9,-0.425,[-0.8],0,0.0,-0.8,-0.4,[-0.9],0,0.05,-0.9,-0.425
0,0,0,138,10.0,100,500,[-0.9],1,0.05,-0.9,-0.425,[-0.8],1,0.0,-0.8,-0.4,[-0.9],0,0.05,-0.9,-0.425
0,0,0,139,10.0,100,500,[-0.9],1,0.05,-0.9,-0.425,[-0.8],0,0.0,-0.8,-0.4,[-0.9],0,0.05,-0.9,-0.425
0,0,0,140,10.0,100,500,[-0.9],1,0.0,-0.9,-0.45,[-0.8],0,0.0,-0.9,-0.45,[-0.9],0,0.05,-1.0,-0.475
0,0,0,141,10.0,100,500,[-0.9],0,0.0,-0.9,-0.45,[-0.9],0,0.0,-0.9,-0.45,[-1.],1,0.05,-1.0,-0.475
0,0,0,142,9.0,100,500,[-0.9],1,0.55,-0.9,-0.175,[-0.9],0,0.0,-0.8,-0.4,[-1.],0,0.05,-0.9,-0.425
0,0,0,143,9.0,100,500,[-0.9],0,0.05,-0.9,-0.425,[-0.8],0,0.0,-0.8,-0.4,[-0.9],0,0.05,-0.9,-0.425
0,0,0,144,9.0,100,500,[-0.9],0,0.05,-0.9,-0.425,[-0.8],0,0.0,-0.8,-0.4,[-0.9],0,0.05,-0.9,-0.425
0,0,0,145,9.0,100,500,[-0.9],0,0.05,-1.0,-0.475,[-0.8],0,0.0,-0.9,-0.45,[-0.9],0,0.0,-0.9,-0.45
0,0,0,146,9.0,100,500,[-1.],1,0.05,-1.0,-0.475,[-0.9],1,0.0,-0.9,-0.45,[-0.9],1,0.0,-0.9,-0.45
0,0,0,147,9.0,100,500,[-1.],1,0.05,-1.0,-0.475,[-0.9],1,0.0,-0.9,-0.45,[-0.9],0,0.0,-0.9,-0.45
0,0,0,148,9.0,100,500,[-1.],0,0.05,-1.0,-0.475,[-0.9],0,0.0,-0.9,-0.45,[-0.9],1,0.0,-0.9,-0.45
0,0,0,149,9.0,100,500,[-1.],0,0.05,-1.0,-0.475,[-0.9],1,0.0,-0.9,-0.45,[-0.9],1,0.0,-0.9,-0.45
0,0,0,150,9.0,100,500,[-1.],0,0.05,-1.0,-0.475,[-0.9],0,0.0,-0.9,-0.45,[-0.9],1,0.0,-0.9,-0.45
0,0,0,151,8.0,100,500,[-1.],0,0.05,-0.9,-0.425,[-0.9],1,0.55,-0.9,-0.175,[-0.9],1,0.0,-0.8,-0.4
0,0,0,152,8.0,100,500,[-0.9],1,0.0,-0.9,-0.45,[-0.9],0,0.05,-1.0,-0.475,[-0.8],1,0.0,-0.9,-0.45
0,0,0,153,8.0,100,500,[-0.9],1,0.0,-0.9,-0.45,[-1.],1,0.05,-1.0,-0.475,[-0.9],0,0.0,-0.9,-0.45
0,0,0,154,8.0,100,500,[-0.9],0,0.0,-0.9,-0.45,[-1.],1,0.05,-1.0,-0.475,[-0.9],1,0.0,-0.9,-0.45
0,0,0,155,8.0,100,500,[-0.9],1,0.0,-0.9,-0.45,[-1.],1,0.05,-1.0,-0.475,[-0.9],1,0.0,-0.9,-0.45
0,0,0,156,8.0,100,500,[-0.9],1,0.0,-0.9,-0.45,[-1.],1,0.05,-1.0,-0.475,[-0.9],1,0.0,-0.9,-0.45
0,0,0,157,8.0,100,500,[-0.9],1,0.0,-0.9,-0.45,[-1.],1,0.05,-1.0,-0.475,[-0.9],1,0.0,-0.9,-0.45
0,0,0,158,8.0,100,500,[-0.9],0,0.0,-0.9,-0.45,[-1.],0,0.05,-1.0,-0.475,[-0.9],1,0.0,-0.9,-0.45
0,0,0,159,8.0,100,500,[-0.9],0,0.0,-0.9,-0.45,[-1.],0,0.05,-1.0,-0.475,[-0.9],0,0.0,-0.9,-0.45
0,0,0,160,8.0,100,500,[-0.9],1,0.0,-0.9,-0.45,[-1.],0,0.05,-1.0,-0.475,[-0.9],1,0.0,-0.9,-0.45
0,0,0,161,8.0,100,500,[-0.9],1,0.0,-1.0,-0.5,[-1.],0,0.0,-1.0,-0.5,[-0.9],0,0.0,-1.0,-0.5
0,0,0,162,8.0,100,500,[-1.],1,0.0,-1.0,-0.5,[-1.],0,0.0,-1.0,-0.5,[-1.],0,0.0,-1.0,-0.5
0,0,0,163,8.0,100,500,[-1.],1,0.0,-1.0,-0.5,[-1.],1,0.0,-1.0,-0.5,[-1.],0,0.0,-1.0,-0.5
0,0,0,164,8.0,100,500,[-1.],1,0.0,-1.0,-0.5,[-1.],0,0.0,-1.0,-0.5,[-1.],1,0.0,-1.0,-0.5
0,0,0,165,8.0,100,500,[-1.],1,0.0,-1.0,-0.5,[-1.],0,0.0,-1.0,-0.5,[-1.],1,0.0,-1.0,-0.5
0,0,0,166,8.0,100,500,[-1.],0,0.0,-1.0,-0.5,[-1.],0,0.0,-1.0,-0.5,[-1.],1,0.0,-1.0,-0.5
0,0,0,167,8.0,100,500,[-1.],1,0.0,-1.0,-0.5,[-1.],0,0.0,-1.0,-0.5,[-1.],1,0.0,-1.0,-0.5
0,0,0,168,8.0,100,500,[-1.],1,0.0,-1.0,-0.5,[-1.],0,0.0,-1.0,-0.5,[-1.],1,0.0,-1.0,-0.5
0,0,0,169,8.0,100,500,[-1.],1,0.0,-1.0,-0.5,[-1.],0,0.0,-1.0,-0.5,[-1.],1,0.0,-1.0,-0.5
0,0,0,170,8.0,100,500,[-1.],1,0.0,-1.0,-0.5,[-1.],1,0.0,-1.0,-0.5,[-1.],1,0.0,-1.0,-0.5
0,0,0,171,8.0,100,500,[-1.],1,0.0,-1.0,-0.5,[-1.],1,0.0,-1.0,-0.5,[-1.],1,0.0,-1.0,-0.5
0,0,0,172,8.0,100,500,[-1.],1,0.0,-1.0,-0.5,[-1.],1,0.0,-1.0,-0.5,[-1.],1,0.0,-1.0,-0.5
0,0,0,173,8.0,100,500,[-1.],1,0.0,-1.0,-0.5,[-1.],1,0.0,-1.0,-0.5,[-1.],1,0.0,-1.0,-0.5
0,0,0,174,8.0,100,500,[-1.],1,0.0,-1.0,-0.5,[-1.],1,0.0,-1.0,-0.5,[-1.],1,0.0,-1.0,-0.5
0,0,0,175,8.0,100,500,[-1.],1,0.0,-1.0,-0.5,[-1.],0,0.0,-1.0,-0.5,[-1.],1,0.0,-1.0,-0.5
0,0,0,176,8.0,100,500,[-1.],1,0.0,-1.0,-0.5,[-1.],1,0.0,-1.0,-0.5,[-1.],0,0.0,-1.0,-0.5
0,0,0,177,8.0,100,500,[-1.],0,0.0,-1.0,-0.5,[-1.],1,0.0,-1.0,-0.5,[-1.],0,0.0,-1.0,-0.5
0,0,0,178,8.0,100,500,[-1.],0,0.0,-1.0,-0.5,[-1.],1,0.0,-1.0,-0.5,[-1.],0,0.0,-1.0,-0.5
0,0,0,179,8.0,100,500,[-1.],0,0.0,-1.0,-0.5,[-1.],1,0.0,-1.0,-0.5,[-1.],0,0.0,-1.0,-0.5
0,0,0,180,8.0,100,500,[-1.],0,0.0,-1.0,-0.5,[-1.],1,0.0,-1.0,-0.5,[-1.],0,0.0,-1.0,-0.5
0,0,0,181,8.0,100,500,[-1.],0,0.0,-1.0,-0.5,[-1.],1,0.0,-1.0,-0.5,[-1.],0,0.0,-1.0,-0.5
0,0,0,182,8.0,100,500,[-1.],0,0.0,-1.0,-0.5,[-1.],1,0.0,-1.0,-0.5,[-1.],0,0.0,-1.0,-0.5
0,0,0,183,8.0,100,500,[-1.],0,0.0,-1.0,-0.5,[-1.],1,0.0,-1.0,-0.5,[-1.],0,0.0,-1.0,-0.5
0,0,0,184,8.0,100,500,[-1.],0,0.0,-1.0,-0.5,[-1.],1,0.0,-1.0,-0.5,[-1.],0,0.0,-1.0,-0.5
0,0,0,185,8.0,100,500,[-1.],0,0.0,-1.0,-0.5,[-1.],0,0.0,-1.0,-0.5,[-1.],0,0.0,-1.0,-0.5
0,0,0,186,8.0,100,500,[-1.],1,0.0,-1.0,-0.5,[-1.],1,0.0,-1.0,-0.5,[-1.],1,0.0,-1.0,-0.5
0,0,0,187,8.0,100,500,[-1.],1,0.0,-1.0,-0.5,[-1.],1,0.0,-1.0,-0.5,[-1.],1,0.0,-1.0,-0.5
0,0,0,188,8.0,100,500,[-1.],1,0.0,-1.0,-0.5,[-1.],1,0.0,-1.0,-0.5,[-1.],1,0.0,-1.0,-0.5
0,0,0,189,7.0,100,500,[-1.],1,0.0,-0.9,-0.45,[-1.],1,0.55,-1.0,-0.22499999999999998,[-1.],0,0.0,-0.9,-0.45
0,0,0,190,7.0,100,500,[-0.9],1,0.0,-0.9,-0.45,[-1.],0,0.05,-1.0,-0.475,[-0.9],1,0.0,-0.9,-0.45
0,0,0,191,7.0,100,500,[-0.9],1,0.0,-0.9,-0.45,[-1.],1,0.05,-1.0,-0.475,[-0.9],0,0.0,-0.9,-0.45
0,0,0,192,7.0,100,500,[-0.9],1,0.0,-0.9,-0.45,[-1.],0,0.05,-1.0,-0.475,[-0.9],1,0.0,-0.9,-0.45
0,0,0,193,7.0,100,500,[-0.9],1,0.0,-0.9,-0.45,[-1.],0,0.05,-1.0,-0.475,[-0.9],1,0.0,-0.9,-0.45
0,0,0,194,7.0,100,500,[-0.9],1,0.0,-0.9,-0.45,[-1.],0,0.05,-1.0,-0.475,[-0.9],0,0.0,-0.9,-0.45
0,0,0,195,6.0,100,500,[-0.9],1,0.55,-0.9,-0.175,[-1.],0,0.05,-0.9,-0.425,[-0.9],0,0.0,-0.8,-0.4
0,0,0,196,6.0,100,500,[-0.9],1,0.05,-0.9,-0.425,[-0.9],0,0.05,-0.9,-0.425,[-0.8],1,0.0,-0.8,-0.4
0,0,0,197,6.0,100,500,[-0.9],1,0.05,-0.9,-0.425,[-0.9],0,0.05,-0.9,-0.425,[-0.8],1,0.0,-0.8,-0.4
0,0,0,198,6.0,100,500,[-0.9],1,0.05,-0.9,-0.425,[-0.9],0,0.05,-0.9,-0.425,[-0.8],1,0.0,-0.8,-0.4
0,0,0,199,6.0,100,500,[-0.9],1,0.05,-1.0,-0.475,[-0.9],0,0.0,-0.9,-0.45,[-0.8],0,0.0,-0.9,-0.45
0,0,0,200,6.0,100,500,[-1.],1,0.05,-1.0,-0.475,[-0.9],0,0.0,-0.9,-0.45,[-0.9],1,0.0,-0.9,-0.45
0,0,0,201,6.0,100,500,[-1.],0,0.05,-1.0,-0.475,[-0.9],0,0.0,-0.9,-0.45,[-0.9],1,0.0,-0.9,-0.45
0,0,0,202,6.0,100,500,[-1.],1,0.05,-1.0,-0.475,[-0.9],0,0.0,-0.9,-0.45,[-0.9],1,0.0,-0.9,-0.45
0,0,0,203,5.0,100,500,[-1.],1,0.6,-1.0,-0.2,[-0.9],1,0.0,-0.8,-0.4,[-0.9],0,0.0,-0.8,-0.4
0,0,0,204,5.0,100,500,[-1.],1,0.1,-1.0,-0.45,[-0.8],1,0.0,-0.8,-0.4,[-0.8],0,0.0,-0.8,-0.4
0,0,0,205,5.0,100,500,[-1.],1,0.05,-1.0,-0.475,[-0.8],1,0.0,-0.9,-0.45,[-0.8],0,0.0,-0.9,-0.45
0,0,0,206,5.0,100,500,[-1.],1,0.05,-1.0,-0.475,[-0.9],1,0.0,-0.9,-0.45,[-0.9],0,0.0,-0.9,-0.45
0,0,0,207,5.0,100,500,[-1.],1,0.05,-1.0,-0.475,[-0.9],1,0.0,-0.9,-0.45,[-0.9],0,0.0,-0.9,-0.45
0,0,0,208,5.0,100,500,[-1.],1,0.05,-1.0,-0.475,[-0.9],0,0.0,-0.9,-0.45,[-0.9],0,0.0,-0.9,-0.45
0,0,0,209,5.0,100,500,[-1.],1,0.05,-1.0,-0.475,[-0.9],1,0.0,-0.9,-0.45,[-0.9],1,0.0,-0.9,-0.45
0,0,0,210,4.0,100,500,[-1.],0,0.05,-0.9,-0.425,[-0.9],1,0.55,-0.9,-0.175,[-0.9],0,0.0,-0.8,-0.4
0,0,0,211,4.0,100,500,[-0.9],0,0.05,-0.9,-0.425,[-0.9],1,0.05,-0.9,-0.425,[-0.8],1,0.0,-0.8,-0.4
0,0,0,212,4.0,100,500,[-0.9],0,0.05,-0.9,-0.425,[-0.9],1,0.05,-0.9,-0.425,[-0.8],1,0.0,-0.8,-0.4
0,0,0,213,4.0,100,500,[-0.9],0,0.0,-0.9,-0.45,[-0.9],1,0.05,-1.0,-0.475,[-0.8],1,0.0,-0.9,-0.45
0,0,0,214,4.0,100,500,[-0.9],0,0.0,-0.9,-0.45,[-1.],1,0.05,-1.0,-0.475,[-0.9],1,0.0,-0.9,-0.45
0,0,0,215,4.0,100,500,[-0.9],0,0.0,-0.9,-0.45,[-1.],1,0.05,-1.0,-0.475,[-0.9],1,0.0,-0.9,-0.45
0,0,0,216,4.0,100,500,[-0.9],1,0.0,-0.9,-0.45,[-1.],0,0.05,-1.0,-0.475,[-0.9],1,0.0,-0.9,-0.45
0,0,0,217,4.0,100,500,[-0.9],1,0.0,-0.9,-0.45,[-1.],0,0.05,-1.0,-0.475,[-0.9],1,0.0,-0.9,-0.45
0,0,0,218,4.0,100,500,[-0.9],1,0.0,-0.9,-0.45,[-1.],1,0.05,-1.0,-0.475,[-0.9],0,0.0,-0.9,-0.45
0,0,0,219,4.0,100,500,[-0.9],1,0.0,-0.9,-0.45,[-1.],1,0.05,-1.0,-0.475,[-0.9],0,0.0,-0.9,-0.45
0,0,0,220,4.0,100,500,[-0.9],1,0.0,-1.0,-0.5,[-1.],1,0.0,-1.0,-0.5,[-0.9],0,0.0,-1.0,-0.5
0,0,0,221,4.0,100,500,[-1.],0,0.0,-1.0,-0.5,[-1.],0,0.0,-1.0,-0.5,[-1.],0,0.0,-1.0,-0.5
0,0,0,222,4.0,100,500,[-1.],0,0.0,-1.0,-0.5,[-1.],0,0.0,-1.0,-0.5,[-1.],1,0.0,-1.0,-0.5
0,0,0,223,4.0,100,500,[-1.],1,0.0,-1.0,-0.5,[-1.],0,0.0,-1.0,-0.5,[-1.],1,0.0,-1.0,-0.5
0,0,0,224,4.0,100,500,[-1.],1,0.0,-1.0,-0.5,[-1.],1,0.0,-1.0,-0.5,[-1.],0,0.0,-1.0,-0.5
0,0,0,225,4.0,100,500,[-1.],1,0.0,-1.0,-0.5,[-1.],1,0.0,-1.0,-0.5,[-1.],1,0.0,-1.0,-0.5
0,0,0,226,4.0,100,500,[-1.],1,0.0,-1.0,-0.5,[-1.],0,0.0,-1.0,-0.5,[-1.],1,0.0,-1.0,-0.5
0,0,0,227,4.0,100,500,[-1.],1,0.0,-1.0,-0.5,[-1.],0,0.0,-1.0,-0.5,[-1.],0,0.0,-1.0,-0.5
0,0,0,228,3.0,100,500,[-1.],0,0.0,-0.9,-0.45,[-1.],0,0.0,-0.9,-0.45,[-1.],1,0.55,-1.0,-0.22499999999999998
0,0,0,229,2.0,100,500,[-0.9],0,0.0,-0.8,-0.4,[-0.9],0,0.0,-0.8,-0.4,[-1.],1,0.6,-1.0,-0.2
0,0,0,230,2.0,100,500,[-0.8],1,0.0,-0.8,-0.4,[-0.8],0,0.0,-0.8,-0.4,[-1.],1,0.1,-1.0,-0.45
0,0,0,231,2.0,100,500,[-0.8],1,0.0,-0.8,-0.4,[-0.8],0,0.0,-0.8,-0.4,[-1.],0,0.1,-1.0,-0.45
0,0,0,232,2.0,100,500,[-0.8],1,0.0,-0.8,-0.4,[-0.8],1,0.0,-0.8,-0.4,[-1.],1,0.1,-1.0,-0.45
0,0,0,233,2.0,100,500,[-0.8],1,0.0,-0.8,-0.4,[-0.8],0,0.0,-0.8,-0.4,[-1.],1,0.1,-1.0,-0.45
0,0,0,234,2.0,100,500,[-0.8],0,0.0,-0.8,-0.4,[-0.8],0,0.0,-0.8,-0.4,[-1.],1,0.1,-1.0,-0.45
0,0,0,235,2.0,100,500,[-0.8],1,0.0,-0.8,-0.4,[-0.8],1,0.0,-0.8,-0.4,[-1.],1,0.1,-1.0,-0.45
0,0,0,236,2.0,100,500,[-0.8],1,0.0,-0.8,-0.4,[-0.8],1,0.0,-0.8,-0.4,[-1.],1,0.1,-1.0,-0.45
0,0,0,237,2.0,100,500,[-0.8],1,0.0,-0.8,-0.4,[-0.8],1,0.0,-0.8,-0.4,[-1.],1,0.1,-1.0,-0.45
0,0,0,238,2.0,100,500,[-0.8],1,0.0,-0.9,-0.45,[-0.8],1,0.0,-0.9,-0.45,[-1.],1,0.05,-1.0,-0.475
0,0,0,239,2.0,100,500,[-0.9],1,0.0,-1.0,-0.5,[-0.9],1,0.0,-1.0,-0.5,[-1.],1,0.0,-1.0,-0.5
0,0,0,240,2.0,100,500,[-1.],0,0.0,-1.0,-0.5,[-1.],1,0.0,-1.0,-0.5,[-1.],1,0.0,-1.0,-0.5
0,0,0,241,2.0,100,500,[-1.],0,0.0,-1.0,-0.5,[-1.],0,0.0,-1.0,-0.5,[-1.],1,0.0,-1.0,-0.5
0,0,0,242,2.0,100,500,[-1.],0,0.0,-1.0,-0.5,[-1.],0,0.0,-1.0,-0.5,[-1.],1,0.0,-1.0,-0.5
0,0,0,243,2.0,100,500,[-1.],0,0.0,-1.0,-0.5,[-1.],0,0.0,-1.0,-0.5,[-1.],1,0.0,-1.0,-0.5
0,0,0,244,2.0,100,500,[-1.],0,0.0,-1.0,-0.5,[-1.],0,0.0,-1.0,-0.5,[-1.],1,0.0,-1.0,-0.5
0,0,0,245,2.0,100,500,[-1.],0,0.0,-1.0,-0.5,[-1.],1,0.0,-1.0,-0.5,[-1.],1,0.0,-1.0,-0.5
0,0,0,246,2.0,100,500,[-1.],0,0.0,-1.0,-0.5,[-1.],1,0.0,-1.0,-0.5,[-1.],1,0.0,-1.0,-0.5
0,0,0,247,2.0,100,500,[-1.],0,0.0,-1.0,-0.5,[-1.],1,0.0,-1.0,-0.5,[-1.],1,0.0,-1.0,-0.5
0,0,0,248,2.0,100,500,[-1.],0,0.0,-1.0,-0.5,[-1.],0,0.0,-1.0,-0.5,[-1.],1,0.0,-1.0,-0.5
0,0,0,249,2.0,100,500,[-1.],1,0.0,-1.0,-0.5,[-1.],1,0.0,-1.0,-0.5,[-1.],0,0.0,-1.0,-0.5
0,0,0,250,2.0,100,500,[-1.],1,0.0,-1.0,-0.5,[-1.],0,0.0,-1.0,-0.5,[-1.],1,0.0,-1.0,-0.5
0,0,0,251,2.0,100,500,[-1.],1,0.0,-1.0,-0.5,[-1.],0,0.0,-1.0,-0.5,[-1.],1,0.0,-1.0,-0.5
0,0,0,252,2.0,100,500,[-1.],1,0.0,-1.0,-0.5,[-1.],1,0.0,-1.0,-0.5,[-1.],1,0.0,-1.0,-0.5
0,0,0,253,2.0,100,500,[-1.],1,0.0,-1.0,-0.5,[-1.],0,0.0,-1.0,-0.5,[-1.],1,0.0,-1.0,-0.5
0,0,0,254,2.0,100,500,[-1.],1,0.0,-1.0,-0.5,[-1.],0,0.0,-1.0,-0.5,[-1.],1,0.0,-1.0,-0.5
0,0,0,255,2.0,100,500,[-1.],1,0.0,-1.0,-0.5,[-1.],0,0.0,-1.0,-0.5,[-1.],1,0.0,-1.0,-0.5
0,0,0,256,2.0,100,500,[-1.],1,0.0,-1.0,-0.5,[-1.],0,0.0,-1.0,-0.5,[-1.],1,0.0,-1.0,-0.5
0,0,0,257,2.0,100,500,[-1.],0,0.0,-1.0,-0.5,[-1.],1,0.0,-1.0,-0.5,[-1.],1,0.0,-1.0,-0.5
0,0,0,258,2.0,100,500,[-1.],1,0.0,-1.0,-0.5,[-1.],1,0.0,-1.0,-0.5,[-1.],1,0.0,-1.0,-0.5
0,0,0,259,2.0,100,500,[-1.],1,0.0,-1.0,-0.5,[-1.],1,0.0,-1.0,-0.5,[-1.],1,0.0,-1.0,-0.5
0,0,0,260,2.0,100,500,[-1.],1,0.0,-1.0,-0.5,[-1.],1,0.0,-1.0,-0.5,[-1.],0,0.0,-1.0,-0.5
0,0,0,261,2.0,100,500,[-1.],1,0.0,-1.0,-0.5,[-1.],1,0.0,-1.0,-0.5,[-1.],0,0.0,-1.0,-0.5
0,0,0,262,2.0,100,500,[-1.],0,0.0,-1.0,-0.5,[-1.],1,0.0,-1.0,-0.5,[-1.],0,0.0,-1.0,-0.5
0,0,0,263,2.0,100,500,[-1.],0,0.0,-1.0,-0.5,[-1.],0,0.0,-1.0,-0.5,[-1.],0,0.0,-1.0,-0.5
0,0,0,264,2.0,100,500,[-1.],0,0.0,-1.0,-0.5,[-1.],1,0.0,-1.0,-0.5,[-1.],0,0.0,-1.0,-0.5
0,0,0,265,2.0,100,500,[-1.],0,0.0,-1.0,-0.5,[-1.],0,0.0,-1.0,-0.5,[-1.],0,0.0,-1.0,-0.5
0,0,0,266,2.0,100,500,[-1.],0,0.0,-1.0,-0.5,[-1.],0,0.0,-1.0,-0.5,[-1.],1,0.0,-1.0,-0.5
0,0,0,267,2.0,100,500,[-1.],0,0.0,-1.0,-0.5,[-1.],0,0.0,-1.0,-0.5,[-1.],0,0.0,-1.0,-0.5
0,0,0,268,2.0,100,500,[-1.],0,0.0,-1.0,-0.5,[-1.],0,0.0,-1.0,-0.5,[-1.],1,0.0,-1.0,-0.5
0,0,0,269,2.0,100,500,[-1.],0,0.0,-1.0,-0.5,[-1.],0,0.0,-1.0,-0.5,[-1.],0,0.0,-1.0,-0.5
0,0,0,270,2.0,100,500,[-1.],1,0.0,-1.0,-0.5,[-1.],0,0.0,-1.0,-0.5,[-1.],1,0.0,-1.0,-0.5
0,0,0,271,2.0,100,500,[-1.],0,0.0,-1.0,-0.5,[-1.],0,0.0,-1.0,-0.5,[-1.],0,0.0,-1.0,-0.5
0,0,0,272,2.0,100,500,[-1.],0,0.0,-1.0,-0.5,[-1.],0,0.0,-1.0,-0.5,[-1.],1,0.0,-1.0,-0.5
0,0,0,273,2.0,100,500,[-1.],0,0.0,-1.0,-0.5,[-1.],0,0.0,-1.0,-0.5,[-1.],1,0.0,-1.0,-0.5
0,0,0,274,2.0,100,500,[-1.],0,0.0,-1.0,-0.5,[-1.],0,0.0,-1.0,-0.5,[-1.],1,0.0,-1.0,-0.5
0,0,0,275,2.0,100,500,[-1.],0,0.0,-1.0,-0.5,[-1.],1,0.0,-1.0,-0.5,[-1.],1,0.0,-1.0,-0.5
0,0,0,276,2.0,100,500,[-1.],1,0.0,-1.0,-0.5,[-1.],0,0.0,-1.0,-0.5,[-1.],1,0.0,-1.0,-0.5
0,0,0,277,2.0,100,500,[-1.],1,0.0,-1.0,-0.5,[-1.],0,0.0,-1.0,-0.5,[-1.],1,0.0,-1.0,-0.5
0,0,0,278,2.0,100,500,[-1.],1,0.0,-1.0,-0.5,[-1.],0,0.0,-1.0,-0.5,[-1.],1,0.0,-1.0,-0.5
0,0,0,279,1.0,100,500,[-1.],1,0.55,-1.0,-0.22499999999999998,[-1.],0,0.0,-0.9,-0.45,[-1.],1,0.0,-0.9,-0.45
0,0,0,280,1.0,100,500,[-1.],1,0.05,-1.0,-0.475,[-0.9],1,0.0,-0.9,-0.45,[-0.9],0,0.0,-0.9,-0.45
0,0,0,281,1.0,100,500,[-1.],1,0.05,-1.0,-0.475,[-0.9],1,0.0,-0.9,-0.45,[-0.9],1,0.0,-0.9,-0.45
0,0,0,282,1.0,100,500,[-1.],1,0.05,-1.0,-0.475,[-0.9],1,0.0,-0.9,-0.45,[-0.9],1,0.0,-0.9,-0.45
0,0,0,283,1.0,100,500,[-1.],1,0.05,-1.0,-0.475,[-0.9],1,0.0,-0.9,-0.45,[-0.9],1,0.0,-0.9,-0.45
0,0,0,284,1.0,100,500,[-1.],1,0.05,-1.0,-0.475,[-0.9],1,0.0,-0.9,-0.45,[-0.9],1,0.0,-0.9,-0.45
0,0,0,285,1.0,100,500,[-1.],1,0.05,-1.0,-0.475,[-0.9],0,0.0,-0.9,-0.45,[-0.9],1,0.0,-0.9,-0.45
0,0,0,286,1.0,100,500,[-1.],1,0.05,-1.0,-0.475,[-0.9],1,0.0,-0.9,-0.45,[-0.9],1,0.0,-0.9,-0.45
0,0,0,287,1.0,100,500,[-1.],1,0.05,-1.0,-0.475,[-0.9],1,0.0,-0.9,-0.45,[-0.9],1,0.0,-0.9,-0.45
0,0,0,288,1.0,100,500,[-1.],1,0.05,-1.0,-0.475,[-0.9],1,0.0,-0.9,-0.45,[-0.9],1,0.0,-0.9,-0.45
0,0,0,289,1.0,100,500,[-1.],1,0.0,-1.0,-0.5,[-0.9],1,0.0,-1.0,-0.5,[-0.9],1,0.0,-1.0,-0.5
0,0,0,290,1.0,100,500,[-1.],1,0.0,-1.0,-0.5,[-1.],0,0.0,-1.0,-0.5,[-1.],1,0.0,-1.0,-0.5
0,0,0,291,1.0,100,500,[-1.],1,0.0,-1.0,-0.5,[-1.],0,0.0,-1.0,-0.5,[-1.],1,0.0,-1.0,-0.5
0,0,0,292,1.0,100,500,[-1.],1,0.0,-1.0,-0.5,[-1.],0,0.0,-1.0,-0.5,[-1.],1,0.0,-1.0,-0.5
0,0,0,293,1.0,100,500,[-1.],1,0.0,-1.0,-0.5,[-1.],0,0.0,-1.0,-0.5,[-1.],1,0.0,-1.0,-0.5
0,0,0,294,1.0,100,500,[-1.],1,0.0,-1.0,-0.5,[-1.],0,0.0,-1.0,-0.5,[-1.],1,0.0,-1.0,-0.5
0,0,0,295,1.0,100,500,[-1.],1,0.0,-1.0,-0.5,[-1.],0,0.0,-1.0,-0.5,[-1.],0,0.0,-1.0,-0.5
0,0,0,296,1.0,100,500,[-1.],1,0.0,-1.0,-0.5,[-1.],0,0.0,-1.0,-0.5,[-1.],1,0.0,-1.0,-0.5
0,0,0,297,1.0,100,500,[-1.],1,0.0,-1.0,-0.5,[-1.],0,0.0,-1.0,-0.5,[-1.],1,0.0,-1.0,-0.5
0,0,0,298,1.0,100,500,[-1.],1,0.0,-1.0,-0.5,[-1.],0,0.0,-1.0,-0.5,[-1.],1,0.0,-1.0,-0.5
0,0,0,299,1.0,100,500,[-1.],1,0.0,-1.0,-0.5,[-1.],0,0.0,-1.0,-0.5,[-1.],0,0.0,-1.0,-0.5
0,0,0,300,1.0,100,500,[-1.],0,0.0,-1.0,-0.5,[-1.],0,0.0,-1.0,-0.5,[-1.],0,0.0,-1.0,-0.5
0,0,0,301,1.0,100,500,[-1.],0,0.0,-1.0,-0.5,[-1.],0,0.0,-1.0,-0.5,[-1.],0,0.0,-1.0,-0.5
0,0,0,302,1.0,100,500,[-1.],1,0.0,-1.0,-0.5,[-1.],1,0.0,-1.0,-0.5,[-1.],0,0.0,-1.0,-0.5
0,0,0,303,1.0,100,500,[-1.],1,0.0,-1.0,-0.5,[-1.],0,0.0,-1.0,-0.5,[-1.],0,0.0,-1.0,-0.5
0,0,0,304,1.0,100,500,[-1.],1,0.0,-1.0,-0.5,[-1.],1,0.0,-1.0,-0.5,[-1.],0,0.0,-1.0,-0.5
0,0,0,305,1.0,100,500,[-1.],0,0.0,-1.0,-0.5,[-1.],1,0.0,-1.0,-0.5,[-1.],0,0.0,-1.0,-0.5
0,0,0,306,1.0,100,500,[-1.],0,0.0,-1.0,-0.5,[-1.],1,0.0,-1.0,-0.5,[-1.],1,0.0,-1.0,-0.5
0,0,0,307,1.0,100,500,[-1.],0,0.0,-1.0,-0.5,[-1.],1,0.0,-1.0,-0.5,[-1.],0,0.0,-1.0,-0.5
0,0,0,308,1.0,100,500,[-1.],0,0.0,-1.0,-0.5,[-1.],0,0.0,-1.0,-0.5,[-1.],0,0.0,-1.0,-0.5
0,0,0,309,1.0,100,500,[-1.],1,0.0,-1.0,-0.5,[-1.],1,0.0,-1.0,-0.5,[-1.],1,0.0,-1.0,-0.5
0,0,0,310,1.0,100,500,[-1.],1,0.0,-1.0,-0.5,[-1.],1,0.0,-1.0,-0.5,[-1.],0,0.0,-1.0,-0.5
0,0,0,311,1.0,100,500,[-1.],1,0.0,-1.0,-0.5,[-1.],0,0.0,-1.0,-0.5,[-1.],0,0.0,-1.0,-0.5
0,0,0,312,1.0,100,500,[-1.],1,0.0,-1.0,-0.5,[-1.],1,0.0,-1.0,-0.5,[-1.],0,0.0,-1.0,-0.5
0,0,0,313,1.0,100,500,[-1.],1,0.0,-1.0,-0.5,[-1.],1,0.0,-1.0,-0.5,[-1.],0,0.0,-1.0,-0.5
0,0,0,314,1.0,100,500,[-1.],1,0.0,-1.0,-0.5,[-1.],0,0.0,-1.0,-0.5,[-1.],0,0.0,-1.0,-0.5
0,0,0,315,1.0,100,500,[-1.],1,0.0,-1.0,-0.5,[-1.],1,0.0,-1.0,-0.5,[-1.],1,0.0,-1.0,-0.5
0,0,0,316,1.0,100,500,[-1.],1,0.0,-1.0,-0.5,[-1.],0,0.0,-1.0,-0.5,[-1.],1,0.0,-1.0,-0.5
0,0,0,317,1.0,100,500,[-1.],1,0.0,-1.0,-0.5,[-1.],0,0.0,-1.0,-0.5,[-1.],1,0.0,-1.0,-0.5
0,0,0,318,1.0,100,500,[-1.],1,0.0,-1.0,-0.5,[-1.],0,0.0,-1.0,-0.5,[-1.],1,0.0,-1.0,-0.5
0,0,0,319,1.0,100,500,[-1.],1,0.0,-1.0,-0.5,[-1.],0,0.0,-1.0,-0.5,[-1.],1,0.0,-1.0,-0.5
0,0,0,320,1.0,100,500,[-1.],1,0.0,-1.0,-0.5,[-1.],0,0.0,-1.0,-0.5,[-1.],1,0.0,-1.0,-0.5
0,0,0,321,1.0,100,500,[-1.],1,0.0,-1.0,-0.5,[-1.],0,0.0,-1.0,-0.5,[-1.],0,0.0,-1.0,-0.5
0,0,0,322,1.0,100,500,[-1.],1,0.0,-1.0,-0.5,[-1.],1,0.0,-1.0,-0.5,[-1.],0,0.0,-1.0,-0.5
0,0,0,323,1.0,100,500,[-1.],1,0.0,-1.0,-0.5,[-1.],1,0.0,-1.0,-0.5,[-1.],1,0.0,-1.0,-0.5
0,0,0,324,1.0,100,500,[-1.],1,0.0,-1.0,-0.5,[-1.],0,0.0,-1.0,-0.5,[-1.],1,0.0,-1.0,-0.5
0,0,0,325,1.0,100,500,[-1.],1,0.0,-1.0,-0.5,[-1.],1,0.0,-1.0,-0.5,[-1.],0,0.0,-1.0,-0.5
0,0,0,326,1.0,100,500,[-1.],1,0.0,-1.0,-0.5,[-1.],1,0.0,-1.0,-0.5,[-1.],1,0.0,-1.0,-0.5
0,0,0,327,1.0,100,500,[-1.],1,0.0,-1.0,-0.5,[-1.],1,0.0,-1.0,-0.5,[-1.],0,0.0,-1.0,-0.5
0,0,0,328,1.0,100,500,[-1.],1,0.0,-1.0,-0.5,[-1.],1,0.0,-1.0,-0.5,[-1.],1,0.0,-1.0,-0.5
0,0,0,329,1.0,100,500,[-1.],1,0.0,-1.0,-0.5,[-1.],1,0.0,-1.0,-0.5,[-1.],0,0.0,-1.0,-0.5
0,0,0,330,1.0,100,500,[-1.],1,0.0,-1.0,-0.5,[-1.],1,0.0,-1.0,-0.5,[-1.],1,0.0,-1.0,-0.5
0,0,0,331,1.0,100,500,[-1.],1,0.0,-1.0,-0.5,[-1.],1,0.0,-1.0,-0.5,[-1.],1,0.0,-1.0,-0.5
0,0,0,332,0.0,100,500,[-1.],1,0.0,-0.9,-0.45,[-1.],1,0.55,-1.0,-0.22499999999999998,[-1.],1,0.0,-0.9,-0.45
0,0,1,0,99.0,100,500,[-0.9],0,0.0,-0.9,-0.45,[-1.],1,0.55,-1.0,-0.22499999999999998,[-0.9],0,0.0,-0.9,-0.45
0,0,1,1,97.0,100,500,[-0.9],1,0.55,-0.8,-0.125,[-1.],1,0.6,-0.9,-0.15000000000000002,[-0.9],0,0.0,-0.7,-0.35
0,0,1,2,95.0,100,500,[-0.8],1,0.6,-0.7,-0.04999999999999999,[-0.9],1,0.65,-0.8,-0.07500000000000001,[-0.7],0,0.0,-0.5,-0.25
0,0,1,3,93.0,100,500,[-0.7],1,0.65,-0.6,0.025000000000000022,[-0.8],1,0.7,-0.7,0.0,[-0.5],0,0.0,-0.3,-0.15
0,0,1,4,91.0,100,500,[-0.6],1,0.7,-0.5,0.09999999999999998,[-0.7],1,0.75,-0.6,0.07500000000000001,[-0.3],0,0.0,-0.09999999999999998,-0.04999999999999999
0,0,1,5,89.0,100,500,[-0.5],1,0.75,-0.4,0.175,[-0.6],1,0.8,-0.5,0.15000000000000002,[-0.1],0,0.0,0.09999999999999998,0.04999999999999999
0,0,1,6,87.0,100,500,[-0.4],1,0.8,-0.30000000000000004,0.25,[-0.5],1,0.85,-0.4,0.22499999999999998,[0.1],0,0.0,0.29999999999999993,0.14999999999999997
0,0,1,7,86.0,100,500,[-0.3],0,0.3,-0.19999999999999996,0.05000000000000002,[-0.4],1,0.9,-0.4,0.25,[0.3],0,0.0,0.4,0.2
0,0,1,8,85.0,100,500,[-0.2],0,0.3,-0.09999999999999998,0.1,[-0.4],1,0.95,-0.4,0.27499999999999997,[0.4],0,0.0,0.5,0.25
0,0,1,9,84.0,100,500,[-0.1],0,0.3,0.0,0.15,[-0.4],1,1.0,-0.4,0.3,[0.5],0,0.0,0.6,0.3
0,0,1,10,83.0,100,500,[0.],0,0.3,0.0,0.15,[-0.4],1,1.0,-0.4,0.3,[0.6],0,0.0,0.6,0.3
0,0,1,11,82.0,100,500,[0.],0,0.25,0.0,0.125,[-0.4],1,1.0,-0.5,0.25,[0.6],0,0.0,0.5,0.25
0,0,1,12,81.0,100,500,[0.],0,0.2,0.0,0.1,[-0.5],1,1.0,-0.6,0.2,[0.5],0,0.0,0.4,0.2
0,0,1,13,80.0,100,500,[0.],0,0.15,0.0,0.075,[-0.6],1,1.0,-0.7,0.15000000000000002,[0.4],0,0.0,0.3,0.15
0,0,1,14,79.0,100,500,[0.],0,0.1,0.0,0.05,[-0.7],1,1.0,-0.8,0.09999999999999998,[0.3],0,0.0,0.2,0.1
0,0,1,15,78.0,100,500,[0.],0,0.05,0.0,0.025,[-0.8],1,1.0,-0.9,0.04999999999999999,[0.2],0,0.0,0.09999999999999998,0.04999999999999999
0,0,1,16,77.0,100,500,[0.],0,0.0,0.0,0.0,[-0.9],1,1.0,-1.0,0.0,[0.1],0,0.0,0.0,0.0
0,0,1,17,76.0,100,500,[0.],0,0.0,0.0,0.0,[-1.],1,1.0,-1.0,0.0,[0.],0,0.0,0.0,0.0
0,0,1,18,74.0,100,500,[0.],0,0.0,0.09999999999999998,0.04999999999999999,[-1.],1,1.0,-0.9,0.04999999999999999,[0.],1,0.55,0.0,0.275
0,0,1,19,73.0,100,500,[0.1],0,0.0,0.09999999999999998,0.04999999999999999,[-0.9],1,1.0,-0.9,0.04999999999999999,[0.],0,0.05,0.0,0.025
0,0,1,20,72.0,100,500,[0.1],0,0.0,0.09999999999999998,0.04999999999999999,[-0.9],1,1.0,-0.9,0.04999999999999999,[0.],0,0.05,0.0,0.025
0,0,1,21,72.0,100,500,[0.1],0,0.0,0.0,0.0,[-0.9],0,0.45,-0.9,-0.225,[0.],0,0.05,-0.09999999999999998,-0.024999999999999988
0,0,1,22,71.0,100,500,[0.],0,0.0,0.0,0.0,[-0.9],1,0.95,-0.9,0.024999999999999967,[-0.1],0,0.05,-0.09999999999999998,-0.024999999999999988
0,0,1,23,71.0,100,500,[0.],0,0.0,-0.09999999999999998,-0.04999999999999999,[-0.9],0,0.4,-0.9,-0.25,[-0.1],0,0.05,-0.19999999999999996,-0.07499999999999998
0,0,1,24,71.0,100,500,[-0.1],0,0.0,-0.20000000000000007,-0.10000000000000003,[-0.9],0,0.35,-0.9,-0.275,[-0.2],0,0.05,-0.30000000000000004,-0.12500000000000003
0,0,1,25,71.0,100,500,[-0.2],1,0.0,-0.30000000000000004,-0.15000000000000002,[-0.9],0,0.3,-0.9,-0.30000000000000004,[-0.3],0,0.05,-0.4,-0.17500000000000002
0,0,1,26,71.0,100,500,[-0.3],0,0.0,-0.4,-0.2,[-0.9],0,0.25,-0.9,-0.325,[-0.4],0,0.05,-0.5,-0.225
0,0,1,27,71.0,100,500,[-0.4],0,0.0,-0.5,-0.25,[-0.9],0,0.2,-0.9,-0.35,[-0.5],0,0.05,-0.6,-0.27499999999999997
0,0,1,28,70.0,100,500,[-0.5],1,0.55,-0.7,-0.07499999999999996,[-0.9],0,0.15,-0.9,-0.375,[-0.6],0,0.0,-0.6000000000000001,-0.30000000000000004
0,0,1,29,69.0,100,500,[-0.7],1,0.6,-0.8,-0.10000000000000003,[-0.9],0,0.1,-0.8,-0.35000000000000003,[-0.6],0,0.0,-0.6,-0.3
0,0,1,30,68.0,100,500,[-0.8],1,0.65,-0.9,-0.125,[-0.8],0,0.05,-0.7,-0.32499999999999996,[-0.6],0,0.0,-0.6000000000000001,-0.30000000000000004
0,0,1,31,67.0,100,500,[-0.9],1,0.7,-0.9,-0.10000000000000003,[-0.7],0,0.05,-0.6,-0.27499999999999997,[-0.6],0,0.0,-0.5,-0.25
0,0,1,32,66.0,100,500,[-0.9],1,0.75,-1.0,-0.125,[-0.6],0,0.0,-0.5,-0.25,[-0.5],0,0.0,-0.5,-0.25
0,0,1,33,65.0,100,500,[-1.],1,0.8,-1.0,-0.09999999999999998,[-0.5],0,0.0,-0.4,-0.2,[-0.5],0,0.0,-0.4,-0.2
0,0,1,34,64.0,100,500,[-1.],0,0.3,-0.9,-0.30000000000000004,[-0.4],1,0.55,-0.4,0.07500000000000001,[-0.4],0,0.0,-0.30000000000000004,-0.15000000000000002
0,0,1,35,63.0,100,500,[-0.9],1,0.85,-0.9,-0.025000000000000022,[-0.4],1,0.05,-0.30000000000000004,-0.12500000000000003,[-0.3],0,0.0,-0.20000000000000007,-0.10000000000000003
0,0,1,36,62.0,100,500,[-0.9],1,0.35,-0.8,-0.22500000000000003,[-0.3],1,0.6,-0.30000000000000004,0.14999999999999997,[-0.2],0,0.0,-0.10000000000000003,-0.05000000000000002
0,0,1,37,59.0,100,500,[-0.8],1,0.9,-0.6000000000000001,0.14999999999999997,[-0.3],1,0.65,-0.09999999999999998,0.275,[-0.1],1,0.55,0.10000000000000003,0.32500000000000007
0,0,1,38,56.0,100,500,[-0.6],1,0.9,-0.39999999999999997,0.25,[-0.1],1,0.7,5.551115123125783e-17,0.35,[0.1],1,0.6,0.20000000000000007,0.4
0,0,1,39,56.0,100,500,[-0.4],1,0.35,-0.39999999999999997,-0.024999999999999994,[0.],1,0.2,-0.10000000000000003,0.04999999999999999,[0.2],1,0.1,0.09999999999999998,0.09999999999999999
0,0,1,40,55.0,100,500,[-0.4],1,0.85,-0.39999999999999997,0.225,[-0.1],1,0.2,-0.10000000000000003,0.04999999999999999,[0.1],1,0.1,0.09999999999999998,0.09999999999999999
0,0,1,41,54.0,100,500,[-0.4],1,0.85,-0.39999999999999997,0.225,[-0.1],1,0.2,-0.10000000000000003,0.04999999999999999,[0.1],0,0.1,0.09999999999999998,0.09999999999999999
0,0,1,42,53.0,100,500,[-0.4],1,0.85,-0.39999999999999997,0.225,[-0.1],1,0.2,-0.10000000000000003,0.04999999999999999,[0.1],1,0.1,0.09999999999999998,0.09999999999999999
0,0,1,43,51.0,100,500,[-0.4],1,0.85,-0.3,0.275,[-0.1],1,0.75,-0.10000000000000003,0.32499999999999996,[0.1],0,0.1,0.19999999999999996,0.14999999999999997
0,0,1,44,50.0,100,500,[-0.3],1,0.35,-0.3,0.024999999999999994,[-0.1],1,0.2,-5.551115123125783e-17,0.09999999999999998,[0.2],1,0.65,0.09999999999999998,0.375
0,0,1,45,49.0,100,500,[-0.3],1,0.3,-0.2,0.04999999999999999,[0.],1,0.75,-0.10000000000000003,0.32499999999999996,[0.1],1,0.15,0.09999999999999998,0.12499999999999999
0,0,1,46,46.0,100,500,[-0.2],1,0.85,-0.09999999999999998,0.375,[-0.1],1,0.75,0.09999999999999998,0.425,[0.1],1,0.7,0.19999999999999996,0.44999999999999996
0,0,1,47,44.0,100,500,[-0.1],0,0.3,-0.09999999999999998,0.1,[0.1],1,0.75,0.0,0.375,[0.2],1,0.7,0.09999999999999998,0.39999999999999997
0,0,1,48,43.0,100,500,[-0.1],0,0.25,-0.2,0.024999999999999994,[0.],1,0.75,-0.2,0.275,[0.1],1,0.15,0.0,0.075
0,0,1,49,42.0,100,500,[-0.2],0,0.25,-0.09999999999999998,0.07500000000000001,[-0.2],0,0.25,-0.09999999999999998,0.07500000000000001,[0.],1,0.7,0.0,0.35
0,0,1,50,40.0,100,500,[-0.1],0,0.2,0.09999999999999998,0.15,[-0.1],1,0.8,-0.09999999999999998,0.35000000000000003,[0.],1,0.75,0.0,0.375
0,0,1,51,40.0,100,500,[0.1],0,0.15,0.09999999999999998,0.12499999999999999,[-0.1],1,0.3,-0.2,0.04999999999999999,[0.],1,0.25,-0.10000000000000003,0.07499999999999998
0,0,1,52,39.0,100,500,[0.1],0,0.1,0.19999999999999996,0.14999999999999997,[-0.2],1,0.85,-0.3,0.275,[-0.1],1,0.25,-0.10000000000000003,0.07499999999999998
0,0,1,53,39.0,100,500,[0.2],0,0.05,0.09999999999999998,0.07499999999999998,[-0.3],1,0.3,-0.4,-0.05000000000000002,[-0.1],1,0.25,-0.30000000000000004,-0.025000000000000022
0,0,1,54,39.0,100,500,[0.1],0,0.05,0.0,0.025,[-0.4],1,0.3,-0.5,-0.1,[-0.3],1,0.2,-0.30000000000000004,-0.05000000000000002
0,0,1,55,39.0,100,500,[0.],0,0.05,-0.09999999999999998,-0.024999999999999988,[-0.5],1,0.25,-0.5,-0.125,[-0.3],1,0.2,-0.4,-0.1
0,0,1,56,38.0,100,500,[-0.1],0,0.0,-0.19999999999999996,-0.09999999999999998,[-0.5],1,0.2,-0.6,-0.19999999999999998,[-0.4],1,0.7,-0.6,0.04999999999999999
0,0,1,57,36.0,100,500,[-0.2],1,0.55,-0.3,0.12500000000000003,[-0.6],1,0.15,-0.5,-0.175,[-0.6],1,0.7,-0.6000000000000001,0.04999999999999993
0,0,1,58,35.0,100,500,[-0.3],1,0.05,-0.3,-0.125,[-0.5],1,0.1,-0.4,-0.15000000000000002,[-0.6],1,0.75,-0.7,0.025000000000000022
0,0,1,59,33.0,100,500,[-0.3],1,0.6,-0.3,0.15,[-0.4],1,0.65,-0.39999999999999997,0.12500000000000003,[-0.7],1,0.2,-0.5,-0.15
0,0,1,60,32.0,100,500,[-0.3],1,0.65,-0.5,0.07500000000000001,[-0.4],1,0.1,-0.4,-0.15000000000000002,[-0.5],0,0.15,-0.5,-0.175
0,0,1,61,32.0,100,500,[-0.5],1,0.15,-0.5,-0.175,[-0.4],1,0.1,-0.4,-0.15000000000000002,[-0.5],0,0.15,-0.5,-0.175
0,0,1,62,32.0,100,500,[-0.5],0,0.15,-0.6000000000000001,-0.22500000000000003,[-0.4],1,0.05,-0.4,-0.17500000000000002,[-0.5],0,0.15,-0.6000000000000001,-0.22500000000000003
0,0,1,63,32.0,100,500,[-0.6],1,0.15,-0.6000000000000001,-0.22500000000000003,[-0.4],0,0.05,-0.4,-0.17500000000000002,[-0.6],0,0.15,-0.6000000000000001,-0.22500000000000003
0,0,1,64,31.0,100,500,[-0.6],1,0.7,-0.6000000000000001,0.04999999999999993,[-0.4],0,0.05,-0.3,-0.125,[-0.6],0,0.15,-0.5,-0.175
0,0,1,65,30.0,100,500,[-0.6],1,0.75,-0.6000000000000001,0.07499999999999996,[-0.3],0,0.05,-0.2,-0.07500000000000001,[-0.5],0,0.15,-0.4,-0.125
0,0,1,66,30.0,100,500,[-0.6],1,0.25,-0.7,-0.22499999999999998,[-0.2],0,0.05,-0.3,-0.125,[-0.4],0,0.1,-0.4,-0.15000000000000002
0,0,1,67,30.0,100,500,[-0.7],1,0.2,-0.8,-0.30000000000000004,[-0.3],0,0.05,-0.5,-0.225,[-0.4],1,0.05,-0.5,-0.225
0,0,1,68,28.0,100,500,[-0.8],1,0.75,-0.8,-0.025000000000000022,[-0.5],1,0.6,-0.5,0.04999999999999999,[-0.5],0,0.0,-0.3,-0.15
0,0,1,69,27.0,100,500,[-0.8],1,0.75,-0.9,-0.07500000000000001,[-0.5],0,0.05,-0.5,-0.225,[-0.3],0,0.0,-0.4,-0.2
0,0,1,70,26.0,100,500,[-0.9],1,0.75,-0.9,-0.07500000000000001,[-0.5],0,0.05,-0.5,-0.225,[-0.4],0,0.0,-0.4,-0.2
0,0,1,71,25.0,100,500,[-0.9],1,0.8,-0.9,-0.04999999999999999,[-0.5],0,0.05,-0.4,-0.17500000000000002,[-0.4],0,0.0,-0.30000000000000004,-0.15000000000000002
0,0,1,72,24.0,100,500,[-0.9],1,0.85,-0.9,-0.025000000000000022,[-0.4],0,0.05,-0.30000000000000004,-0.12500000000000003,[-0.3],0,0.0,-0.20000000000000007,-0.10000000000000003
0,0,1,73,24.0,100,500,[-0.9],1,0.35,-0.9,-0.275,[-0.3],0,0.05,-0.30000000000000004,-0.12500000000000003,[-0.2],0,0.0,-0.20000000000000007,-0.10000000000000003
0,0,1,74,24.0,100,500,[-0.9],1,0.3,-0.9,-0.30000000000000004,[-0.3],0,0.05,-0.4,-0.17500000000000002,[-0.2],1,0.0,-0.30000000000000004,-0.15000000000000002
0,0,1,75,24.0,100,500,[-0.9],1,0.25,-0.9,-0.325,[-0.4],0,0.05,-0.5,-0.225,[-0.3],1,0.0,-0.4,-0.2
0,0,1,76,24.0,100,500,[-0.9],1,0.25,-0.9,-0.325,[-0.5],0,0.05,-0.5,-0.225,[-0.4],0,0.0,-0.4,-0.2
0,0,1,77,24.0,100,500,[-0.9],1,0.25,-0.9,-0.325,[-0.5],0,0.05,-0.5,-0.225,[-0.4],0,0.0,-0.4,-0.2
0,0,1,78,23.0,100,500,[-0.9],1,0.75,-1.0,-0.125,[-0.5],1,0.0,-0.5,-0.25,[-0.4],0,0.0,-0.5,-0.25
0,0,1,79,23.0,100,500,[-1.],1,0.2,-1.0,-0.4,[-0.5],1,0.0,-0.6,-0.3,[-0.5],0,0.0,-0.6,-0.3
0,0,1,80,22.0,100,500,[-1.],1,0.15,-0.9,-0.375,[-0.6],1,0.55,-0.7,-0.07499999999999996,[-0.6],0,0.0,-0.6000000000000001,-0.30000000000000004
0,0,1,81,22.0,100,500,[-0.9],1,0.1,-0.9,-0.4,[-0.7],0,0.05,-0.8,-0.375,[-0.6],0,0.0,-0.7,-0.35
0,0,1,82,22.0,100,500,[-0.9],1,0.05,-0.9,-0.425,[-0.8],1,0.05,-0.9,-0.425,[-0.7],0,0.0,-0.8,-0.4
0,0,1,83,22.0,100,500,[-0.9],1,0.05,-0.9,-0.425,[-0.9],1,0.05,-0.9,-0.425,[-0.8],1,0.0,-0.8,-0.4
0,0,1,84,21.0,100,500,[-0.9],1,0.6,-0.9,-0.15000000000000002,[-0.9],1,0.05,-0.8,-0.375,[-0.8],0,0.0,-0.7,-0.35
0,0,1,85,21.0,100,500,[-0.9],1,0.1,-0.9,-0.4,[-0.8],1,0.05,-0.8,-0.375,[-0.7],1,0.0,-0.7,-0.35
0,0,1,86,20.0,100,500,[-0.9],1,0.65,-0.9,-0.125,[-0.8],1,0.05,-0.7,-0.32499999999999996,[-0.7],1,0.0,-0.6000000000000001,-0.30000000000000004
0,0,1,87,20.0,100,500,[-0.9],1,0.15,-0.9,-0.375,[-0.7],0,0.05,-0.7,-0.32499999999999996,[-0.6],0,0.0,-0.6000000000000001,-0.30000000000000004
0,0,1,88,19.0,100,500,[-0.9],1,0.1,-0.8,-0.35000000000000003,[-0.7],1,0.6,-0.8,-0.10000000000000003,[-0.6],1,0.0,-0.6,-0.3
0,0,1,89,19.0,100,500,[-0.8],0,0.1,-0.8,-0.35000000000000003,[-0.8],1,0.1,-0.8,-0.35000000000000003,[-0.6],1,0.0,-0.6,-0.3
0,0,1,90,19.0,100,500,[-0.8],1,0.1,-0.9,-0.4,[-0.8],1,0.05,-0.8,-0.375,[-0.6],1,0.0,-0.7,-0.35
0,0,1,91,18.0,100,500,[-0.9],0,0.1,-0.8,-0.35000000000000003,[-0.8],1,0.05,-0.7,-0.32499999999999996,[-0.7],1,0.55,-0.7,-0.07499999999999996
0,0,1,92,17.0,100,500,[-0.8],1,0.1,-0.7,-0.3,[-0.7],1,0.05,-0.6,-0.27499999999999997,[-0.7],1,0.6,-0.7,-0.04999999999999999
0,0,1,93,17.0,100,500,[-0.7],1,0.1,-0.7,-0.3,[-0.6],1,0.05,-0.6,-0.27499999999999997,[-0.7],1,0.1,-0.7,-0.3
0,0,1,94,16.0,100,500,[-0.7],1,0.6,-0.7,-0.04999999999999999,[-0.6],1,0.05,-0.6,-0.27499999999999997,[-0.7],1,0.1,-0.7,-0.3
0,0,1,95,16.0,100,500,[-0.7],1,0.1,-0.7,-0.3,[-0.6],1,0.05,-0.6,-0.27499999999999997,[-0.7],1,0.1,-0.7,-0.3
0,0,1,96,16.0,100,500,[-0.7],1,0.05,-0.7,-0.32499999999999996,[-0.6],1,0.05,-0.7,-0.32499999999999996,[-0.7],1,0.1,-0.8,-0.35000000000000003
0,0,1,97,16.0,100,500,[-0.7],1,0.05,-0.7,-0.32499999999999996,[-0.7],1,0.05,-0.7,-0.32499999999999996,[-0.8],1,0.1,-0.8,-0.35000000000000003
0,0,1,98,16.0,100,500,[-0.7],1,0.05,-0.8,-0.375,[-0.7],1,0.0,-0.7,-0.35,[-0.8],1,0.1,-0.9,-0.4
0,0,1,99,16.0,100,500,[-0.8],1,0.05,-0.8,-0.375,[-0.7],1,0.0,-0.7,-0.35,[-0.9],0,0.1,-0.9,-0.4
0,0,1,100,14.0,100,500,[-0.8],1,0.6,-0.7,-0.04999999999999999,[-0.7],1,0.55,-0.6,-0.024999999999999967,[-0.9],1,0.1,-0.7,-0.3
0,0,1,101,14.0,100,500,[-0.7],1,0.1,-0.8,-0.35000000000000003,[-0.6],1,0.05,-0.7,-0.32499999999999996,[-0.7],1,0.05,-0.7,-0.32499999999999996
0,0,1,102,14.0,100,500,[-0.8],0,0.1,-0.9,-0.4,[-0.7],1,0.05,-0.8,-0.375,[-0.7],1,0.0,-0.7,-0.35
0,0,1,103,14.0,100,500,[-0.9],0,0.1,-0.9,-0.4,[-0.8],1,0.05,-0.8,-0.375,[-0.7],1,0.0,-0.7,-0.35
0,0,1,104,14.0,100,500,[-0.9],0,0.05,-0.9,-0.425,[-0.8],1,0.05,-0.9,-0.425,[-0.7],1,0.0,-0.8,-0.4
0,0,1,105,14.0,100,500,[-0.9],1,0.05,-0.9,-0.425,[-0.9],1,0.05,-0.9,-0.425,[-0.8],1,0.0,-0.8,-0.4
0,0,1,106,14.0,100,500,[-0.9],1,0.05,-0.9,-0.425,[-0.9],1,0.05,-0.9,-0.425,[-0.8],1,0.0,-0.8,-0.4
0,0,1,107,13.0,100,500,[-0.9],1,0.6,-0.9,-0.15000000000000002,[-0.9],1,0.05,-0.8,-0.375,[-0.8],1,0.0,-0.7,-0.35
0,0,1,108,13.0,100,500,[-0.9],1,0.1,-0.9,-0.4,[-0.8],1,0.05,-0.8,-0.375,[-0.7],1,0.0,-0.7,-0.35
0,0,1,109,12.0,100,500,[-0.9],1,0.1,-0.8,-0.35000000000000003,[-0.8],1,0.6,-0.8,-0.10000000000000003,[-0.7],1,0.0,-0.6,-0.3
0,0,1,110,12.0,100,500,[-0.8],1,0.05,-0.9,-0.425,[-0.8],1,0.05,-0.9,-0.425,[-0.6],1,0.0,-0.8,-0.4
0,0,1,111,12.0,100,500,[-0.9],1,0.05,-0.9,-0.425,[-0.9],1,0.05,-0.9,-0.425,[-0.8],1,0.0,-0.8,-0.4
0,0,1,112,12.0,100,500,[-0.9],1,0.05,-0.9,-0.425,[-0.9],0,0.05,-0.9,-0.425,[-0.8],1,0.0,-0.8,-0.4
0,0,1,113,12.0,100,500,[-0.9],1,0.05,-0.9,-0.425,[-0.9],1,0.05,-0.9,-0.425,[-0.8],1,0.0,-0.8,-0.4
0,0,1,114,12.0,100,500,[-0.9],1,0.05,-0.9,-0.425,[-0.9],0,0.05,-0.9,-0.425,[-0.8],0,0.0,-0.8,-0.4
0,0,1,115,12.0,100,500,[-0.9],1,0.05,-0.9,-0.425,[-0.9],0,0.05,-0.9,-0.425,[-0.8],0,0.0,-0.8,-0.4
0,0,1,116,11.0,100,500,[-0.9],1,0.05,-0.8,-0.375,[-0.9],0,0.05,-0.8,-0.375,[-0.8],1,0.55,-0.8,-0.125
0,0,1,117,11.0,100,500,[-0.8],1,0.0,-0.8,-0.4,[-0.8],0,0.05,-0.9,-0.425,[-0.8],0,0.05,-0.9,-0.425
0,0,1,118,11.0,100,500,[-0.8],1,0.0,-0.8,-0.4,[-0.9],0,0.05,-0.9,-0.425,[-0.9],0,0.05,-0.9,-0.425
0,0,1,119,10.0,100,500,[-0.8],1,0.55,-0.9,-0.175,[-0.9],1,0.0,-0.8,-0.4,[-0.9],0,0.05,-0.9,-0.425
0,0,1,120,10.0,100,500,[-0.9],1,0.05,-0.9,-0.425,[-0.8],1,0.0,-0.8,-0.4,[-0.9],0,0.05,-0.9,-0.425
0,0,1,121,10.0,100,500,[-0.9],1,0.05,-0.9,-0.425,[-0.8],1,0.0,-0.8,-0.4,[-0.9],0,0.05,-0.9,-0.425
0,0,1,122,10.0,100,500,[-0.9],1,0.05,-0.9,-0.425,[-0.8],1,0.0,-0.8,-0.4,[-0.9],0,0.05,-0.9,-0.425
0,0,1,123,10.0,100,500,[-0.9],1,0.05,-0.9,-0.425,[-0.8],1,0.0,-0.8,-0.4,[-0.9],0,0.05,-0.9,-0.425
0,0,1,124,10.0,100,500,[-0.9],1,0.05,-0.9,-0.425,[-0.8],1,0.0,-0.8,-0.4,[-0.9],0,0.05,-0.9,-0.425
0,0,1,125,10.0,100,500,[-0.9],1,0.05,-0.9,-0.425,[-0.8],1,0.0,-0.8,-0.4,[-0.9],0,0.05,-0.9,-0.425
0,0,1,126,10.0,100,500,[-0.9],1,0.05,-1.0,-0.475,[-0.8],1,0.0,-0.9,-0.45,[-0.9],0,0.0,-0.9,-0.45
0,0,1,127,10.0,100,500,[-1.],1,0.05,-1.0,-0.475,[-0.9],1,0.0,-0.9,-0.45,[-0.9],0,0.0,-0.9,-0.45
0,0,1,128,10.0,100,500,[-1.],1,0.05,-1.0,-0.475,[-0.9],1,0.0,-0.9,-0.45,[-0.9],0,0.0,-0.9,-0.45
0,0,1,129,10.0,100,500,[-1.],1,0.0,-1.0,-0.5,[-0.9],1,0.0,-1.0,-0.5,[-0.9],0,0.0,-1.0,-0.5
0,0,1,130,10.0,100,500,[-1.],1,0.0,-1.0,-0.5,[-1.],1,0.0,-1.0,-0.5,[-1.],0,0.0,-1.0,-0.5
0,0,1,131,10.0,100,500,[-1.],1,0.0,-1.0,-0.5,[-1.],0,0.0,-1.0,-0.5,[-1.],0,0.0,-1.0,-0.5
0,0,1,132,10.0,100,500,[-1.],1,0.0,-1.0,-0.5,[-1.],0,0.0,-1.0,-0.5,[-1.],0,0.0,-1.0,-0.5
0,0,1,133,10.0,100,500,[-1.],1,0.0,-1.0,-0.5,[-1.],0,0.0,-1.0,-0.5,[-1.],0,0.0,-1.0,-0.5
0,0,1,134,10.0,100,500,[-1.],1,0.0,-1.0,-0.5,[-1.],0,0.0,-1.0,-0.5,[-1.],0,0.0,-1.0,-0.5
0,0,1,135,9.0,100,500,[-1.],1,0.0,-0.9,-0.45,[-1.],0,0.0,-0.9,-0.45,[-1.],1,0.55,-1.0,-0.22499999999999998
0,0,1,136,9.0,100,500,[-0.9],1,0.0,-0.9,-0.45,[-0.9],0,0.0,-0.9,-0.45,[-1.],0,0.05,-1.0,-0.475
0,0,1,137,9.0,100,500,[-0.9],1,0.0,-0.9,-0.45,[-0.9],0,0.0,-0.9,-0.45,[-1.],0,0.05,-1.0,-0.475
0,0,1,138,9.0,100,500,[-0.9],1,0.0,-0.9,-0.45,[-0.9],0,0.0,-0.9,-0.45,[-1.],1,0.05,-1.0,-0.475
0,0,1,139,8.0,100,500,[-0.9],1,0.55,-0.9,-0.175,[-0.9],0,0.0,-0.8,-0.4,[-1.],1,0.05,-0.9,-0.425
0,0,1,140,8.0,100,500,[-0.9],1,0.05,-0.9,-0.425,[-0.8],0,0.0,-0.8,-0.4,[-0.9],1,0.05,-0.9,-0.425
0,0,1,141,8.0,100,500,[-0.9],1,0.05,-0.9,-0.425,[-0.8],0,0.0,-0.8,-0.4,[-0.9],1,0.05,-0.9,-0.425
0,0,1,142,7.0,100,500,[-0.9],1,0.6,-0.9,-0.15000000000000002,[-0.8],0,0.0,-0.7,-0.35,[-0.9],1,0.05,-0.8,-0.375
0,0,1,143,7.0,100,500,[-0.9],1,0.1,-0.9,-0.4,[-0.7],0,0.0,-0.7,-0.35,[-0.8],1,0.05,-0.8,-0.375
0,0,1,144,7.0,100,500,[-0.9],1,0.1,-0.9,-0.4,[-0.7],0,0.0,-0.7,-0.35,[-0.8],1,0.05,-0.8,-0.375
0,0,1,145,7.0,100,500,[-0.9],1,0.1,-1.0,-0.45,[-0.7],1,0.0,-0.8,-0.4,[-0.8],1,0.0,-0.8,-0.4
0,0,1,146,7.0,100,500,[-1.],1,0.1,-1.0,-0.45,[-0.8],1,0.0,-0.8,-0.4,[-0.8],1,0.0,-0.8,-0.4
0,0,1,147,7.0,100,500,[-1.],1,0.1,-1.0,-0.45,[-0.8],1,0.0,-0.8,-0.4,[-0.8],1,0.0,-0.8,-0.4
0,0,1,148,6.0,100,500,[-1.],1,0.65,-1.0,-0.175,[-0.8],1,0.0,-0.7,-0.35,[-0.8],1,0.0,-0.7,-0.35
0,0,1,149,5.0,100,500,[-1.],1,0.1,-0.9,-0.4,[-0.7],1,0.55,-0.8,-0.125,[-0.7],1,0.0,-0.7,-0.35
0,0,1,150,5.0,100,500,[-0.9],1,0.1,-0.9,-0.4,[-0.8],1,0.05,-0.8,-0.375,[-0.7],1,0.0,-0.7,-0.35
0,0,1,151,5.0,100,500,[-0.9],1,0.1,-0.9,-0.4,[-0.8],1,0.05,-0.8,-0.375,[-0.7],1,0.0,-0.7,-0.35
0,0,1,152,5.0,100,500,[-0.9],1,0.05,-0.9,-0.425,[-0.8],1,0.05,-0.9,-0.425,[-0.7],1,0.0,-0.8,-0.4
0,0,1,153,5.0,100,500,[-0.9],1,0.05,-0.9,-0.425,[-0.9],1,0.05,-0.9,-0.425,[-0.8],1,0.0,-0.8,-0.4
0,0,1,154,5.0,100,500,[-0.9],1,0.05,-0.9,-0.425,[-0.9],1,0.05,-0.9,-0.425,[-0.8],1,0.0,-0.8,-0.4
0,0,1,155,5.0,100,500,[-0.9],1,0.05,-0.9,-0.425,[-0.9],1,0.05,-0.9,-0.425,[-0.8],1,0.0,-0.8,-0.4
0,0,1,156,5.0,100,500,[-0.9],1,0.05,-0.9,-0.425,[-0.9],0,0.05,-0.9,-0.425,[-0.8],1,0.0,-0.8,-0.4
0,0,1,157,4.0,100,500,[-0.9],1,0.05,-0.8,-0.375,[-0.9],0,0.05,-0.8,-0.375,[-0.8],1,0.55,-0.8,-0.125
0,0,1,158,4.0,100,500,[-0.8],1,0.0,-0.8,-0.4,[-0.8],0,0.05,-0.9,-0.425,[-0.8],1,0.05,-0.9,-0.425
0,0,1,159,4.0,100,500,[-0.8],1,0.0,-0.9,-0.45,[-0.9],0,0.0,-0.9,-0.45,[-0.9],0,0.05,-1.0,-0.475
0,0,1,160,4.0,100,500,[-0.9],1,0.0,-0.9,-0.45,[-0.9],0,0.0,-0.9,-0.45,[-1.],0,0.05,-1.0,-0.475
0,0,1,161,4.0,100,500,[-0.9],0,0.0,-0.9,-0.45,[-0.9],0,0.0,-0.9,-0.45,[-1.],0,0.05,-1.0,-0.475
0,0,1,162,4.0,100,500,[-0.9],0,0.0,-0.9,-0.45,[-0.9],0,0.0,-0.9,-0.45,[-1.],0,0.05,-1.0,-0.475
0,0,1,163,4.0,100,500,[-0.9],0,0.0,-0.9,-0.45,[-0.9],0,0.0,-0.9,-0.45,[-1.],0,0.05,-1.0,-0.475
0,0,1,164,4.0,100,500,[-0.9],0,0.0,-0.9,-0.45,[-0.9],0,0.0,-0.9,-0.45,[-1.],0,0.05,-1.0,-0.475
0,0,1,165,4.0,100,500,[-0.9],0,0.0,-0.9,-0.45,[-0.9],0,0.0,-0.9,-0.45,[-1.],0,0.05,-1.0,-0.475
0,0,1,166,4.0,100,500,[-0.9],0,0.0,-0.9,-0.45,[-0.9],0,0.0,-0.9,-0.45,[-1.],0,0.05,-1.0,-0.475
0,0,1,167,4.0,100,500,[-0.9],0,0.0,-1.0,-0.5,[-0.9],0,0.0,-1.0,-0.5,[-1.],0,0.0,-1.0,-0.5
0,0,1,168,4.0,100,500,[-1.],0,0.0,-1.0,-0.5,[-1.],0,0.0,-1.0,-0.5,[-1.],1,0.0,-1.0,-0.5
0,0,1,169,4.0,100,500,[-1.],0,0.0,-1.0,-0.5,[-1.],0,0.0,-1.0,-0.5,[-1.],1,0.0,-1.0,-0.5
0,0,1,170,4.0,100,500,[-1.],0,0.0,-1.0,-0.5,[-1.],0,0.0,-1.0,-0.5,[-1.],1,0.0,-1.0,-0.5
0,0,1,171,4.0,100,500,[-1.],0,0.0,-1.0,-0.5,[-1.],0,0.0,-1.0,-0.5,[-1.],1,0.0,-1.0,-0.5
0,0,1,172,4.0,100,500,[-1.],0,0.0,-1.0,-0.5,[-1.],0,0.0,-1.0,-0.5,[-1.],1,0.0,-1.0,-0.5
0,0,1,173,4.0,100,500,[-1.],1,0.0,-1.0,-0.5,[-1.],1,0.0,-1.0,-0.5,[-1.],1,0.0,-1.0,-0.5
0,0,1,174,4.0,100,500,[-1.],1,0.0,-1.0,-0.5,[-1.],1,0.0,-1.0,-0.5,[-1.],1,0.0,-1.0,-0.5
0,0,1,175,4.0,100,500,[-1.],1,0.0,-1.0,-0.5,[-1.],1,0.0,-1.0,-0.5,[-1.],1,0.0,-1.0,-0.5
0,0,1,176,4.0,100,500,[-1.],1,0.0,-1.0,-0.5,[-1.],1,0.0,-1.0,-0.5,[-1.],1,0.0,-1.0,-0.5
0,0,1,177,4.0,100,500,[-1.],0,0.0,-1.0,-0.5,[-1.],1,0.0,-1.0,-0.5,[-1.],1,0.0,-1.0,-0.5
0,0,1,178,4.0,100,500,[-1.],1,0.0,-1.0,-0.5,[-1.],0,0.0,-1.0,-0.5,[-1.],1,0.0,-1.0,-0.5
0,0,1,179,4.0,100,500,[-1.],1,0.0,-1.0,-0.5,[-1.],1,0.0,-1.0,-0.5,[-1.],1,0.0,-1.0,-0.5
0,0,1,180,4.0,100,500,[-1.],1,0.0,-1.0,-0.5,[-1.],0,0.0,-1.0,-0.5,[-1.],1,0.0,-1.0,-0.5
0,0,1,181,4.0,100,500,[-1.],1,0.0,-1.0,-0.5,[-1.],0,0.0,-1.0,-0.5,[-1.],1,0.0,-1.0,-0.5
0,0,1,182,4.0,100,500,[-1.],1,0.0,-1.0,-0.5,[-1.],0,0.0,-1.0,-0.5,[-1.],0,0.0,-1.0,-0.5
0,0,1,183,4.0,100,500,[-1.],1,0.0,-1.0,-0.5,[-1.],0,0.0,-1.0,-0.5,[-1.],1,0.0,-1.0,-0.5
0,0,1,184,4.0,100,500,[-1.],1,0.0,-1.0,-0.5,[-1.],0,0.0,-1.0,-0.5,[-1.],1,0.0,-1.0,-0.5
0,0,1,185,4.0,100,500,[-1.],1,0.0,-1.0,-0.5,[-1.],0,0.0,-1.0,-0.5,[-1.],1,0.0,-1.0,-0.5
0,0,1,186,4.0,100,500,[-1.],1,0.0,-1.0,-0.5,[-1.],0,0.0,-1.0,-0.5,[-1.],1,0.0,-1.0,-0.5
0,0,1,187,4.0,100,500,[-1.],1,0.0,-1.0,-0.5,[-1.],0,0.0,-1.0,-0.5,[-1.],1,0.0,-1.0,-0.5
0,0,1,188,4.0,100,500,[-1.],1,0.0,-1.0,-0.5,[-1.],0,0.0,-1.0,-0.5,[-1.],1,0.0,-1.0,-0.5
0,0,1,189,4.0,100,500,[-1.],1,0.0,-1.0,-0.5,[-1.],0,0.0,-1.0,-0.5,[-1.],1,0.0,-1.0,-0.5
0,0,1,190,4.0,100,500,[-1.],1,0.0,-1.0,-0.5,[-1.],0,0.0,-1.0,-0.5,[-1.],1,0.0,-1.0,-0.5
0,0,1,191,4.0,100,500,[-1.],0,0.0,-1.0,-0.5,[-1.],0,0.0,-1.0,-0.5,[-1.],1,0.0,-1.0,-0.5
0,0,1,192,4.0,100,500,[-1.],1,0.0,-1.0,-0.5,[-1.],1,0.0,-1.0,-0.5,[-1.],1,0.0,-1.0,-0.5
0,0,1,193,4.0,100,500,[-1.],1,0.0,-1.0,-0.5,[-1.],0,0.0,-1.0,-0.5,[-1.],1,0.0,-1.0,-0.5
0,0,1,194,4.0,100,500,[-1.],1,0.0,-1.0,-0.5,[-1.],1,0.0,-1.0,-0.5,[-1.],1,0.0,-1.0,-0.5
0,0,1,195,4.0,100,500,[-1.],1,0.0,-1.0,-0.5,[-1.],1,0.0,-1.0,-0.5,[-1.],1,0.0,-1.0,-0.5
0,0,1,196,4.0,100,500,[-1.],1,0.0,-1.0,-0.5,[-1.],1,0.0,-1.0,-0.5,[-1.],1,0.0,-1.0,-0.5
0,0,1,197,4.0,100,500,[-1.],1,0.0,-1.0,-0.5,[-1.],1,0.0,-1.0,-0.5,[-1.],1,0.0,-1.0,-0.5
0,0,1,198,4.0,100,500,[-1.],1,0.0,-1.0,-0.5,[-1.],1,0.0,-1.0,-0.5,[-1.],1,0.0,-1.0,-0.5
0,0,1,199,4.0,100,500,[-1.],1,0.0,-1.0,-0.5,[-1.],1,0.0,-1.0,-0.5,[-1.],1,0.0,-1.0,-0.5
0,0,1,200,3.0,100,500,[-1.],1,0.55,-1.0,-0.22499999999999998,[-1.],1,0.0,-0.9,-0.45,[-1.],1,0.0,-0.9,-0.45
0,0,1,201,3.0,100,500,[-1.],1,0.05,-1.0,-0.475,[-0.9],1,0.0,-0.9,-0.45,[-0.9],1,0.0,-0.9,-0.45
0,0,1,202,3.0,100,500,[-1.],1,0.05,-1.0,-0.475,[-0.9],1,0.0,-0.9,-0.45,[-0.9],1,0.0,-0.9,-0.45
0,0,1,203,3.0,100,500,[-1.],1,0.05,-1.0,-0.475,[-0.9],1,0.0,-0.9,-0.45,[-0.9],0,0.0,-0.9,-0.45
0,0,1,204,2.0,100,500,[-1.],1,0.05,-0.9,-0.425,[-0.9],1,0.55,-0.9,-0.175,[-0.9],0,0.0,-0.8,-0.4
0,0,1,205,2.0,100,500,[-0.9],1,0.05,-0.9,-0.425,[-0.9],1,0.05,-0.9,-0.425,[-0.8],0,0.0,-0.8,-0.4
0,0,1,206,2.0,100,500,[-0.9],1,0.05,-0.9,-0.425,[-0.9],1,0.05,-0.9,-0.425,[-0.8],0,0.0,-0.8,-0.4
0,0,1,207,2.0,100,500,[-0.9],1,0.05,-0.9,-0.425,[-0.9],1,0.05,-0.9,-0.425,[-0.8],0,0.0,-0.8,-0.4
0,0,1,208,2.0,100,500,[-0.9],1,0.05,-0.9,-0.425,[-0.9],1,0.05,-0.9,-0.425,[-0.8],0,0.0,-0.8,-0.4
0,0,1,209,2.0,100,500,[-0.9],1,0.05,-0.9,-0.425,[-0.9],1,0.05,-0.9,-0.425,[-0.8],0,0.0,-0.8,-0.4
0,0,1,210,2.0,100,500,[-0.9],1,0.0,-0.9,-0.45,[-0.9],1,0.05,-1.0,-0.475,[-0.8],0,0.0,-0.9,-0.45
0,0,1,211,2.0,100,500,[-0.9],1,0.0,-0.9,-0.45,[-1.],1,0.05,-1.0,-0.475,[-0.9],0,0.0,-0.9,-0.45
0,0,1,212,2.0,100,500,[-0.9],1,0.0,-0.9,-0.45,[-1.],0,0.05,-1.0,-0.475,[-0.9],0,0.0,-0.9,-0.45
0,0,1,213,2.0,100,500,[-0.9],1,0.0,-0.9,-0.45,[-1.],0,0.05,-1.0,-0.475,[-0.9],0,0.0,-0.9,-0.45
0,0,1,214,1.0,100,500,[-0.9],1,0.55,-1.0,-0.22499999999999998,[-1.],0,0.0,-0.9,-0.45,[-0.9],0,0.0,-0.9,-0.45
0,0,1,215,1.0,100,500,[-1.],1,0.05,-1.0,-0.475,[-0.9],0,0.0,-0.9,-0.45,[-0.9],1,0.0,-0.9,-0.45
0,0,1,216,1.0,100,500,[-1.],1,0.05,-1.0,-0.475,[-0.9],0,0.0,-0.9,-0.45,[-0.9],1,0.0,-0.9,-0.45
0,0,1,217,1.0,100,500,[-1.],1,0.05,-1.0,-0.475,[-0.9],0,0.0,-0.9,-0.45,[-0.9],0,0.0,-0.9,-0.45
0,0,1,218,1.0,100,500,[-1.],0,0.05,-1.0,-0.475,[-0.9],0,0.0,-0.9,-0.45,[-0.9],1,0.0,-0.9,-0.45
0,0,1,219,1.0,100,500,[-1.],0,0.05,-1.0,-0.475,[-0.9],0,0.0,-0.9,-0.45,[-0.9],1,0.0,-0.9,-0.45
0,0,1,220,1.0,100,500,[-1.],1,0.05,-1.0,-0.475,[-0.9],0,0.0,-0.9,-0.45,[-0.9],1,0.0,-0.9,-0.45
0,0,1,221,1.0,100,500,[-1.],0,0.05,-1.0,-0.475,[-0.9],0,0.0,-0.9,-0.45,[-0.9],1,0.0,-0.9,-0.45
0,0,1,222,1.0,100,500,[-1.],0,0.05,-1.0,-0.475,[-0.9],0,0.0,-0.9,-0.45,[-0.9],1,0.0,-0.9,-0.45
0,0,1,223,1.0,100,500,[-1.],0,0.05,-1.0,-0.475,[-0.9],0,0.0,-0.9,-0.45,[-0.9],1,0.0,-0.9,-0.45
0,0,1,224,1.0,100,500,[-1.],1,0.0,-1.0,-0.5,[-0.9],0,0.0,-1.0,-0.5,[-0.9],1,0.0,-1.0,-0.5
0,0,1,225,1.0,100,500,[-1.],1,0.0,-1.0,-0.5,[-1.],0,0.0,-1.0,-0.5,[-1.],1,0.0,-1.0,-0.5
0,0,1,226,1.0,100,500,[-1.],1,0.0,-1.0,-0.5,[-1.],0,0.0,-1.0,-0.5,[-1.],1,0.0,-1.0,-0.5
0,0,1,227,1.0,100,500,[-1.],1,0.0,-1.0,-0.5,[-1.],0,0.0,-1.0,-0.5,[-1.],1,0.0,-1.0,-0.5
0,0,1,228,1.0,100,500,[-1.],0,0.0,-1.0,-0.5,[-1.],1,0.0,-1.0,-0.5,[-1.],1,0.0,-1.0,-0.5
0,0,1,229,1.0,100,500,[-1.],0,0.0,-1.0,-0.5,[-1.],1,0.0,-1.0,-0.5,[-1.],1,0.0,-1.0,-0.5
0,0,1,230,1.0,100,500,[-1.],1,0.0,-1.0,-0.5,[-1.],1,0.0,-1.0,-0.5,[-1.],1,0.0,-1.0,-0.5
0,0,1,231,1.0,100,500,[-1.],1,0.0,-1.0,-0.5,[-1.],1,0.0,-1.0,-0.5,[-1.],1,0.0,-1.0,-0.5
0,0,1,232,1.0,100,500,[-1.],1,0.0,-1.0,-0.5,[-1.],1,0.0,-1.0,-0.5,[-1.],1,0.0,-1.0,-0.5
0,0,1,233,0.0,100,500,[-1.],1,0.55,-1.0,-0.22499999999999998,[-1.],1,0.0,-0.9,-0.45,[-1.],1,0.0,-0.9,-0.45
