agent_id,state,action,expected_reward
0,"(np.float64(0.292),)",0,0.17300000000000001
0,"(np.float64(0.292),)",1,0.0
0,"(np.float64(0.5959999999999999),)",0,0.003000000000000001
0,"(np.float64(0.5959999999999999),)",1,0.0
0,"(np.float64(0.47400000000000003),)",0,0.0
0,"(np.float64(0.47400000000000003),)",1,0.33140000000000003
0,"(np.float64(0.492),)",0,0.057021486750368874
0,"(np.float64(0.492),)",1,0.0
0,"(np.float64(0.21800000000000003),)",0,0.17721837362952705
0,"(np.float64(0.21800000000000003),)",1,0.6960018766574261
0,"(np.float64(0.37),)",0,0.2931117371701599
0,"(np.float64(0.37),)",1,0.04338722932774486
0,"(np.float64(0.236),)",0,0.07996188514598822
0,"(np.float64(0.236),)",1,0.0
0,"(np.float64(0.242),)",0,0.4571476704623198
0,"(np.float64(0.242),)",1,0.008700000000000003
0,"(np.float64(0.5399999999999999),)",0,0.342829235415
0,"(np.float64(0.5399999999999999),)",1,0.19610000000000002
0,"(np.float64(0.41200000000000003),)",0,0.034821000000000005
0,"(np.float64(0.41200000000000003),)",1,0.5055625100000001
0,"(np.float64(0.558),)",0,0.0
0,"(np.float64(0.558),)",1,0.17900000000000002
0,"(np.float64(0.40599999999999997),)",0,0.0
0,"(np.float64(0.40599999999999997),)",1,0.371624879
0,"(np.float64(0.39999999999999997),)",0,0.18911548440000003
0,"(np.float64(0.39999999999999997),)",1,0.0
0,"(np.float64(0.6859999999999998),)",0,0.009000000000000001
0,"(np.float64(0.6859999999999998),)",1,0.0
0,"(np.float64(0.12000000000000002),)",0,0.018288000000000006
0,"(np.float64(0.12000000000000002),)",1,0.009000000000000001
0,"(np.float64(0.254),)",0,0.0
0,"(np.float64(0.254),)",1,0.375204422
0,"(np.float64(0.4),)",0,0.012000000000000004
0,"(np.float64(0.4),)",1,0.3533383542900001
0,"(np.float64(0.5519999999999999),)",0,0.1807677765
0,"(np.float64(0.5519999999999999),)",1,0.0
0,"(np.float64(0.844),)",0,0.34850000000000003
0,"(np.float64(0.844),)",1,0.0
0,"(np.float64(0.716),)",0,0.0
0,"(np.float64(0.716),)",1,0.188
0,"(np.float64(0.576),)",0,0.0
0,"(np.float64(0.576),)",1,0.024579000000000004
0,"(np.float64(0.29000000000000004),)",0,0.188
0,"(np.float64(0.29000000000000004),)",1,0.0
0,"(np.float64(0.43),)",0,0.188
0,"(np.float64(0.43),)",1,0.0
0,"(np.float64(0.564),)",0,0.0
0,"(np.float64(0.564),)",1,0.191
0,"(np.float64(0.43599999999999994),)",0,0.04576801500000001
0,"(np.float64(0.43599999999999994),)",1,0.0
0,"(np.float64(0.442),)",0,0.2072
0,"(np.float64(0.442),)",1,0.0
0,"(np.float64(0.43600000000000005),)",0,0.0
0,"(np.float64(0.43600000000000005),)",1,0.018000000000000002
0,"(np.float64(0.126),)",0,0.25249119381130325
0,"(np.float64(0.126),)",1,0.183455003
0,"(np.float64(0.686),)",0,0.019800000000000005
0,"(np.float64(0.686),)",1,0.0
0,"(np.float64(0.546),)",0,0.026601900000000005
0,"(np.float64(0.546),)",1,0.0
0,"(np.float64(0.24800000000000005),)",0,0.07539696190526951
0,"(np.float64(0.24800000000000005),)",1,0.23330968193618545
0,"(np.float64(0.5279999999999999),)",0,0.18661563573625634
0,"(np.float64(0.5279999999999999),)",1,0.0
0,"(np.float64(0.388),)",0,0.018976209
0,"(np.float64(0.388),)",1,0.7430145259167786
0,"(np.float64(0.534),)",0,0.21149772681263385
0,"(np.float64(0.534),)",1,0.0
0,"(np.float64(0.26000000000000006),)",0,0.0
0,"(np.float64(0.26000000000000006),)",1,0.003000000000000001
0,"(np.float64(0.24200000000000005),)",0,0.2177554822913168
0,"(np.float64(0.24200000000000005),)",1,0.0
0,"(np.float64(0.23000000000000004),)",0,0.0
0,"(np.float64(0.23000000000000004),)",1,0.9865323671759942
0,"(np.float64(0.382),)",0,0.0
0,"(np.float64(0.382),)",1,0.8181083687675431
0,"(np.float64(0.54),)",0,0.5269971203138256
0,"(np.float64(0.54),)",1,0.0
0,"(np.float64(0.552),)",0,0.1814
0,"(np.float64(0.552),)",1,0.0
0,"(np.float64(0.704),)",0,0.17900000000000002
0,"(np.float64(0.704),)",1,0.0
0,"(np.float64(0.418),)",0,0.017100000000000004
0,"(np.float64(0.418),)",1,0.0
0,"(np.float64(0.42400000000000004),)",0,0.009000000000000001
0,"(np.float64(0.42400000000000004),)",1,0.0
0,"(np.float64(0.284),)",0,0.17170528200000001
0,"(np.float64(0.284),)",1,0.009891000000000002
0,"(np.float64(0.26599999999999996),)",0,0.0
0,"(np.float64(0.26599999999999996),)",1,0.18318800000000002
0,"(np.float64(0.528),)",0,0.006000000000000002
0,"(np.float64(0.528),)",1,0.3643724326402848
0,"(np.float64(0.10200000000000001),)",0,0.208790802834889
0,"(np.float64(0.10200000000000001),)",1,0.0
0,"(np.float64(0.376),)",0,0.40252982508280927
0,"(np.float64(0.376),)",1,0.06532588809297135
0,"(np.float64(0.084),)",0,0.0
0,"(np.float64(0.084),)",1,0.2285606924817887
0,"(np.float64(0.22400000000000003),)",0,0.22094533246488618
0,"(np.float64(0.22400000000000003),)",1,0.04308656368142397
0,"(np.float64(0.51),)",0,0.0
0,"(np.float64(0.51),)",1,0.7696039843514195
0,"(np.float64(0.5159999999999999),)",0,0.1817470109073
0,"(np.float64(0.5159999999999999),)",1,0.0
0,"(np.float64(0.27199999999999996),)",0,0.010485000000000001
0,"(np.float64(0.27199999999999996),)",1,0.0
0,"(np.float64(0.11400000000000002),)",0,0.18589100000000003
0,"(np.float64(0.11400000000000002),)",1,0.0
0,"(np.float64(0.698),)",0,0.018000000000000002
0,"(np.float64(0.698),)",1,0.0
0,"(np.float64(0.266),)",0,0.0
0,"(np.float64(0.266),)",1,0.036607200000000006
0,"(np.float64(0.394),)",0,0.08365815425100001
0,"(np.float64(0.394),)",1,0.0
0,"(np.float64(0.8559999999999999),)",0,0.0
0,"(np.float64(0.8559999999999999),)",1,0.012000000000000004
0,"(np.float64(0.15600000000000003),)",0,0.026868015000000002
0,"(np.float64(0.15600000000000003),)",1,0.0
0,"(np.float64(0.5640000000000001),)",0,0.009000000000000001
0,"(np.float64(0.5640000000000001),)",1,0.0
0,"(np.float64(0.272),)",0,0.026721
0,"(np.float64(0.272),)",1,0.18307024068799999
0,"(np.float64(0.6739999999999999),)",0,0.009000000000000001
0,"(np.float64(0.6739999999999999),)",1,0.0
0,"(np.float64(0.406),)",0,0.0525609
0,"(np.float64(0.406),)",1,0.5150625637505382
0,"(np.float64(0.26),)",0,0.08708006248671002
0,"(np.float64(0.26),)",1,0.0
0,"(np.float64(0.5579999999999999),)",0,0.014645379000000004
0,"(np.float64(0.5579999999999999),)",1,0.0
0,"(np.float64(0.24799999999999994),)",0,0.0
0,"(np.float64(0.24799999999999994),)",1,0.012000000000000004
0,"(np.float64(0.096),)",0,0.187348379
0,"(np.float64(0.096),)",1,0.0
0,"(np.float64(0.38199999999999995),)",0,0.0
0,"(np.float64(0.38199999999999995),)",1,0.23602584414887678
0,"(np.float64(0.22999999999999998),)",0,0.3431783553932218
0,"(np.float64(0.22999999999999998),)",1,0.0
0,"(np.float64(0.08400000000000002),)",0,0.13977563814340724
0,"(np.float64(0.08400000000000002),)",1,0.0
0,"(np.float64(0.364),)",0,0.18682874759980603
0,"(np.float64(0.364),)",1,0.7111788277039988
0,"(np.float64(0.07200000000000002),)",0,0.2373170732346194
0,"(np.float64(0.07200000000000002),)",1,0.0
0,"(np.float64(0.358),)",0,0.27226992143033296
0,"(np.float64(0.358),)",1,0.0
0,"(np.float64(0.6679999999999999),)",0,0.2415177621169661
0,"(np.float64(0.6679999999999999),)",1,0.003594000000000001
0,"(np.float64(0.248),)",0,0.18782100000000002
0,"(np.float64(0.248),)",1,0.0
0,"(np.float64(0.10800000000000001),)",0,0.09185180823070697
0,"(np.float64(0.10800000000000001),)",1,0.0
0,"(np.float64(0.6559999999999999),)",0,0.015000000000000003
0,"(np.float64(0.6559999999999999),)",1,0.0
0,"(np.float64(0.09000000000000002),)",0,0.1722
0,"(np.float64(0.09000000000000002),)",1,0.0
0,"(np.float64(0.516),)",0,0.12744067350598615
0,"(np.float64(0.516),)",1,0.0
0,"(np.float64(0.23600000000000004),)",0,0.28215972507525855
0,"(np.float64(0.23600000000000004),)",1,0.4170921424551602
0,"(np.float64(0.662),)",0,0.199721
0,"(np.float64(0.662),)",1,0.0
0,"(np.float64(0.6980000000000001),)",0,0.015000000000000003
0,"(np.float64(0.6980000000000001),)",1,0.0
0,"(np.float64(0.278),)",0,0.2209768820125592
0,"(np.float64(0.278),)",1,0.0
0,"(np.float64(0.71),)",0,0.015000000000000003
0,"(np.float64(0.71),)",1,0.0
0,"(np.float64(0.132),)",0,0.033162045297
0,"(np.float64(0.132),)",1,0.0
0,"(np.float64(0.26600000000000007),)",0,0.012000000000000004
0,"(np.float64(0.26600000000000007),)",1,0.0
0,"(np.float64(0.25400000000000006),)",0,0.012000000000000004
0,"(np.float64(0.25400000000000006),)",1,0.0
0,"(np.float64(0.09600000000000002),)",0,0.03412602136782538
0,"(np.float64(0.09600000000000002),)",1,0.022174590154319076
0,"(np.float64(0.07200000000000001),)",0,0.0
0,"(np.float64(0.07200000000000001),)",1,0.682553136475125
0,"(np.float64(0.05400000000000001),)",0,0.0
0,"(np.float64(0.05400000000000001),)",1,0.5366221917
0,"(np.float64(0.048),)",0,0.06240974972962628
0,"(np.float64(0.048),)",1,0.0
0,"(np.float64(0.036000000000000004),)",0,0.22245003245925085
0,"(np.float64(0.036000000000000004),)",1,0.0
0,"(np.float64(0.176),)",0,0.08242208774934402
0,"(np.float64(0.176),)",1,0.0
0,"(np.float64(0.030000000000000006),)",0,0.08730985190242088
0,"(np.float64(0.030000000000000006),)",1,0.009752917715736534
0,"(np.float64(0.024000000000000004),)",0,0.029292552376045503
0,"(np.float64(0.024000000000000004),)",1,0.0
0,"(np.float64(0.012000000000000002),)",0,0.04373806514063016
0,"(np.float64(0.012000000000000002),)",1,0.0
0,"(np.float64(0.152),)",0,0.018175749611682834
0,"(np.float64(0.152),)",1,0.0
0,"(np.float64(0.158),)",0,0.19453808626419497
0,"(np.float64(0.158),)",1,0.0
0,"(np.float64(0.164),)",0,0.002552305759795253
0,"(np.float64(0.164),)",1,0.0
0,"(np.float64(0.17),)",0,0.045954525725775595
0,"(np.float64(0.17),)",1,0.0
0,"(np.float64(0.32199999999999995),)",0,0.049415237510168665
0,"(np.float64(0.32199999999999995),)",1,0.0
0,"(np.float64(0.188),)",0,0.10719834797704557
0,"(np.float64(0.188),)",1,0.004331017468803001
0,"(np.float64(0.194),)",0,0.1819897493714486
0,"(np.float64(0.194),)",1,0.015866163487132604
0,"(np.float64(0.48599999999999993),)",0,0.034071701518995925
0,"(np.float64(0.48599999999999993),)",1,0.0
0,"(np.float64(0.352),)",0,0.34028270129987676
0,"(np.float64(0.352),)",1,0.0
0,"(np.float64(0.06600000000000002),)",0,0.16288704444712887
0,"(np.float64(0.06600000000000002),)",1,0.0
0,"(np.float64(0.20600000000000002),)",0,0.18500000000000003
0,"(np.float64(0.20600000000000002),)",1,1.1082121455214633
0,"(np.float64(0.6799999999999999),)",0,0.021375112295070678
0,"(np.float64(0.6799999999999999),)",1,0.0
0,"(np.float64(0.09000000000000001),)",0,0.48105066024569165
0,"(np.float64(0.09000000000000001),)",1,0.047521177712724905
0,"(np.float64(0.37000000000000005),)",0,0.06460307068190728
0,"(np.float64(0.37000000000000005),)",1,0.0
0,"(np.float64(0.808),)",0,0.0
0,"(np.float64(0.808),)",1,0.04485364504609704
0,"(np.float64(0.522),)",0,0.13280026021157176
0,"(np.float64(0.522),)",1,0.0
0,"(np.float64(0.09600000000000003),)",0,0.024612000000000002
0,"(np.float64(0.09600000000000003),)",1,0.0
0,"(np.float64(0.21799999999999997),)",0,0.08172820944864426
0,"(np.float64(0.21799999999999997),)",1,0.0
0,"(np.float64(0.21199999999999997),)",0,0.048557847330386705
0,"(np.float64(0.21199999999999997),)",1,0.0
0,"(np.float64(0.35200000000000004),)",0,0.033349927794
0,"(np.float64(0.35200000000000004),)",1,0.0
0,"(np.float64(0.5039999999999999),)",0,0.191
0,"(np.float64(0.5039999999999999),)",1,0.0
0,"(np.float64(0.22399999999999998),)",0,0.034794000000000005
0,"(np.float64(0.22399999999999998),)",1,0.0
0,"(np.float64(0.078),)",0,0.008994000000000002
0,"(np.float64(0.078),)",1,0.23899801504694063
0,"(np.float64(0.054000000000000006),)",0,0.07682493537685565
0,"(np.float64(0.054000000000000006),)",1,0.0
0,"(np.float64(0.042),)",0,0.10607062030980664
0,"(np.float64(0.042),)",1,0.0
0,"(np.float64(0.03600000000000001),)",0,0.08753823662910136
0,"(np.float64(0.03600000000000001),)",1,0.0
0,"(np.float64(0.45599999999999996),)",0,0.05216776925398335
0,"(np.float64(0.45599999999999996),)",1,0.0
0,"(np.float64(0.31599999999999995),)",0,0.018029736217774168
0,"(np.float64(0.31599999999999995),)",1,0.0
0,"(np.float64(0.182),)",0,0.28462668426378107
0,"(np.float64(0.182),)",1,0.0
0,"(np.float64(0.328),)",0,0.15439629944981137
0,"(np.float64(0.328),)",1,0.0
0,"(np.float64(0.33999999999999997),)",0,0.009000000000000001
0,"(np.float64(0.33999999999999997),)",1,0.22617404919910056
0,"(np.float64(0.06000000000000001),)",0,0.0
0,"(np.float64(0.06000000000000001),)",1,0.9366252536779222
0,"(np.float64(0.34600000000000003),)",0,0.0
0,"(np.float64(0.34600000000000003),)",1,0.009000000000000001
0,"(np.float64(0.21200000000000002),)",0,0.3828956313713387
0,"(np.float64(0.21200000000000002),)",1,0.0
0,"(np.float64(0.504),)",0,0.24736076361371656
0,"(np.float64(0.504),)",1,0.0
0,"(np.float64(0.39399999999999996),)",0,0.004246806000000001
0,"(np.float64(0.39399999999999996),)",1,0.0
0,"(np.float64(0.36400000000000005),)",0,0.012297000000000002
0,"(np.float64(0.36400000000000005),)",1,0.0
0,"(np.float64(0.4739999999999999),)",0,0.003000000000000001
0,"(np.float64(0.4739999999999999),)",1,0.0
0,"(np.float64(0.2),)",0,0.17343911032934134
0,"(np.float64(0.2),)",1,0.0
0,"(np.float64(0.334),)",0,0.048425249100000005
0,"(np.float64(0.334),)",1,0.0
0,"(np.float64(0.316),)",0,0.04066653518443608
0,"(np.float64(0.316),)",1,0.0
0,"(np.float64(0.322),)",0,0.007662665400000002
0,"(np.float64(0.322),)",1,0.0
0,"(np.float64(0.46799999999999997),)",0,0.02655807571914298
0,"(np.float64(0.46799999999999997),)",1,0.0
0,"(np.float64(0.04800000000000001),)",0,0.11359087056180528
0,"(np.float64(0.04800000000000001),)",1,0.0
0,"(np.float64(0.17600000000000002),)",0,0.049597462504139024
0,"(np.float64(0.17600000000000002),)",1,0.0
0,"(np.float64(0.04200000000000001),)",0,0.29083286831410476
0,"(np.float64(0.04200000000000001),)",1,0.0
0,"(np.float64(0.18200000000000002),)",0,0.007371039765938062
0,"(np.float64(0.18200000000000002),)",1,0.0
0,"(np.float64(0.32799999999999996),)",0,0.013362277563583751
0,"(np.float64(0.32799999999999996),)",1,0.0
0,"(np.float64(0.6319999999999999),)",0,0.003949806000000001
0,"(np.float64(0.6319999999999999),)",1,0.0
0,"(np.float64(0.34),)",0,0.07153229633545179
0,"(np.float64(0.34),)",1,0.0
0,"(np.float64(0.12),)",0,0.015686316959007247
0,"(np.float64(0.12),)",1,0.0
0,"(np.float64(0.35800000000000004),)",0,0.006644753868255856
0,"(np.float64(0.35800000000000004),)",1,0.0
0,"(np.float64(0.23599999999999993),)",0,0.02704211340000001
0,"(np.float64(0.23599999999999993),)",1,0.0
0,"(np.float64(0.018000000000000006),)",0,0.029797412669927116
0,"(np.float64(0.018000000000000006),)",1,0.0
0,"(np.float64(0.33399999999999996),)",0,0.0
0,"(np.float64(0.33399999999999996),)",1,0.4007256374160536
0,"(np.float64(0.16399999999999998),)",0,0.003010007076380161
0,"(np.float64(0.16399999999999998),)",1,0.0
0,"(np.float64(0.006000000000000001),)",0,0.13887677382371869
0,"(np.float64(0.006000000000000001),)",1,0.0
0,"(np.float64(0.304),)",0,0.008215311535724027
0,"(np.float64(0.304),)",1,0.0
0,"(np.float64(0.37600000000000006),)",0,0.021791406670867503
0,"(np.float64(0.37600000000000006),)",1,0.0
0,"(np.float64(0.07800000000000003),)",0,0.020424
0,"(np.float64(0.07800000000000003),)",1,0.0
0,"(np.float64(0.018000000000000002),)",0,0.023780217813215238
0,"(np.float64(0.018000000000000002),)",1,0.0
0,"(np.float64(0.298),)",0,0.0
0,"(np.float64(0.298),)",1,0.0
0,"(np.float64(0.16999999999999998),)",0,0.02788298255847313
0,"(np.float64(0.16999999999999998),)",1,0.0
0,"(np.float64(0.48),)",0,0.21692612411449472
0,"(np.float64(0.48),)",1,0.0
0,"(np.float64(0.20000000000000004),)",0,0.06436844108700002
0,"(np.float64(0.20000000000000004),)",1,0.0
0,"(np.float64(0.346),)",0,0.06292334523479756
0,"(np.float64(0.346),)",1,0.0
0,"(np.float64(0.462),)",0,0.0059984867745990255
0,"(np.float64(0.462),)",1,0.0
0,"(np.float64(0.0),)",0,2.8936063947705287e-05
0,"(np.float64(0.0),)",1,0.0
0,"(np.float64(0.146),)",0,0.0156661857
0,"(np.float64(0.146),)",1,0.0
0,"(np.float64(0.31),)",0,0.036752601780599733
0,"(np.float64(0.31),)",1,0.0
0,"(np.float64(0.20600000000000004),)",0,0.08995566219678854
0,"(np.float64(0.20600000000000004),)",1,0.0
0,"(np.float64(0.30999999999999994),)",0,0.013985865486325825
0,"(np.float64(0.30999999999999994),)",1,0.0
0,"(np.float64(0.15799999999999997),)",0,0.019660287181777796
0,"(np.float64(0.15799999999999997),)",1,0.00807917540790825
1,"(np.float64(0.292),)",0,0.0
1,"(np.float64(0.292),)",1,0.003000000000000001
1,"(np.float64(0.5959999999999999),)",0,0.17600000000000002
1,"(np.float64(0.5959999999999999),)",1,0.0
1,"(np.float64(0.47400000000000003),)",0,0.0
1,"(np.float64(0.47400000000000003),)",1,0.33710000000000007
1,"(np.float64(0.492),)",0,0.038426317831279234
1,"(np.float64(0.492),)",1,0.0
1,"(np.float64(0.21800000000000003),)",0,0.10917203948382104
1,"(np.float64(0.21800000000000003),)",1,0.0
1,"(np.float64(0.37),)",0,0.2249624160863226
1,"(np.float64(0.37),)",1,0.05691958502822766
1,"(np.float64(0.236),)",0,0.0
1,"(np.float64(0.236),)",1,0.3949299797022867
1,"(np.float64(0.242),)",0,0.20520620900000003
1,"(np.float64(0.242),)",1,0.720143500745705
1,"(np.float64(0.5399999999999999),)",0,0.011400000000000004
1,"(np.float64(0.5399999999999999),)",1,0.22745319331500005
1,"(np.float64(0.41200000000000003),)",0,0.1721799
1,"(np.float64(0.41200000000000003),)",1,0.041757810000000006
1,"(np.float64(0.558),)",0,0.009000000000000001
1,"(np.float64(0.558),)",1,0.0
1,"(np.float64(0.40599999999999997),)",0,0.206315
1,"(np.float64(0.40599999999999997),)",1,0.021379209000000003
1,"(np.float64(0.39999999999999997),)",0,0.0
1,"(np.float64(0.39999999999999997),)",1,0.18446878500000002
1,"(np.float64(0.6859999999999998),)",0,0.0
1,"(np.float64(0.6859999999999998),)",1,0.006000000000000002
1,"(np.float64(0.12000000000000002),)",0,0.038121
1,"(np.float64(0.12000000000000002),)",1,0.006000000000000002
1,"(np.float64(0.254),)",0,0.0
1,"(np.float64(0.254),)",1,0.39740208200000005
1,"(np.float64(0.4),)",0,0.194343806
1,"(np.float64(0.4),)",1,0.5181267650000001
1,"(np.float64(0.5519999999999999),)",0,0.1858726665
1,"(np.float64(0.5519999999999999),)",1,0.182
1,"(np.float64(0.844),)",0,0.0
1,"(np.float64(0.844),)",1,0.35450000000000004
1,"(np.float64(0.716),)",0,0.0
1,"(np.float64(0.716),)",1,0.012000000000000004
1,"(np.float64(0.576),)",0,0.012000000000000004
1,"(np.float64(0.576),)",1,0.019485000000000002
1,"(np.float64(0.29000000000000004),)",0,0.012000000000000004
1,"(np.float64(0.29000000000000004),)",1,0.0
1,"(np.float64(0.43),)",0,0.182
1,"(np.float64(0.43),)",1,0.0
1,"(np.float64(0.564),)",0,0.18500000000000003
1,"(np.float64(0.564),)",1,0.0
1,"(np.float64(0.43599999999999994),)",0,0.015000000000000003
1,"(np.float64(0.43599999999999994),)",1,0.034026612000000005
1,"(np.float64(0.442),)",0,0.188
1,"(np.float64(0.442),)",1,0.015000000000000003
1,"(np.float64(0.43600000000000005),)",0,0.0
1,"(np.float64(0.43600000000000005),)",1,0.012000000000000004
1,"(np.float64(0.126),)",0,0.1977711217835538
1,"(np.float64(0.126),)",1,0.04445368200000001
1,"(np.float64(0.686),)",0,0.17850000000000002
1,"(np.float64(0.686),)",1,0.0
1,"(np.float64(0.546),)",0,0.023034600000000002
1,"(np.float64(0.546),)",1,0.0
1,"(np.float64(0.24800000000000005),)",0,0.0
1,"(np.float64(0.24800000000000005),)",1,0.40993115818431075
1,"(np.float64(0.5279999999999999),)",0,0.20728346343824974
1,"(np.float64(0.5279999999999999),)",1,0.21767675820000004
1,"(np.float64(0.388),)",0,0.3884485910809239
1,"(np.float64(0.388),)",1,0.0
1,"(np.float64(0.534),)",0,0.225937414518
1,"(np.float64(0.534),)",1,0.085929610790605
1,"(np.float64(0.26000000000000006),)",0,0.009000000000000001
1,"(np.float64(0.26000000000000006),)",1,0.0
1,"(np.float64(0.24200000000000005),)",0,0.056908298862740805
1,"(np.float64(0.24200000000000005),)",1,0.0
1,"(np.float64(0.23000000000000004),)",0,0.5272777974653383
1,"(np.float64(0.23000000000000004),)",1,0.0
1,"(np.float64(0.382),)",0,0.06184651787745082
1,"(np.float64(0.382),)",1,0.7417302592272267
1,"(np.float64(0.54),)",0,0.0
1,"(np.float64(0.54),)",1,0.6288693287026692
1,"(np.float64(0.552),)",0,0.1872
1,"(np.float64(0.552),)",1,0.0
1,"(np.float64(0.704),)",0,0.0
1,"(np.float64(0.704),)",1,0.015000000000000003
1,"(np.float64(0.418),)",0,0.1782
1,"(np.float64(0.418),)",1,0.0
1,"(np.float64(0.42400000000000004),)",0,0.018000000000000002
1,"(np.float64(0.42400000000000004),)",1,0.0
1,"(np.float64(0.284),)",0,0.0
1,"(np.float64(0.284),)",1,0.19917288600000002
1,"(np.float64(0.26599999999999996),)",0,0.023721000000000006
1,"(np.float64(0.26599999999999996),)",1,0.0
1,"(np.float64(0.528),)",0,0.06219472528674129
1,"(np.float64(0.528),)",1,0.0
1,"(np.float64(0.10200000000000001),)",0,0.21905687299609256
1,"(np.float64(0.10200000000000001),)",1,0.0
1,"(np.float64(0.376),)",0,0.41667796451061745
1,"(np.float64(0.376),)",1,0.10080226213592552
1,"(np.float64(0.084),)",0,0.20859917134247485
1,"(np.float64(0.084),)",1,0.0
1,"(np.float64(0.22400000000000003),)",0,0.2636709738003103
1,"(np.float64(0.22400000000000003),)",1,0.009000000000000001
1,"(np.float64(0.51),)",0,0.11585215694268033
1,"(np.float64(0.51),)",1,0.01312201447757177
1,"(np.float64(0.5159999999999999),)",0,0.20148380302920002
1,"(np.float64(0.5159999999999999),)",1,0.0
1,"(np.float64(0.27199999999999996),)",0,0.030018000000000003
1,"(np.float64(0.27199999999999996),)",1,0.0
1,"(np.float64(0.11400000000000002),)",0,0.0
1,"(np.float64(0.11400000000000002),)",1,0.182891
1,"(np.float64(0.698),)",0,0.012000000000000004
1,"(np.float64(0.698),)",1,0.0
1,"(np.float64(0.266),)",0,0.0
1,"(np.float64(0.266),)",1,0.2143556
1,"(np.float64(0.394),)",0,0.0
1,"(np.float64(0.394),)",1,0.79673005135514
1,"(np.float64(0.8559999999999999),)",0,0.0
1,"(np.float64(0.8559999999999999),)",1,0.018000000000000002
1,"(np.float64(0.15600000000000003),)",0,0.0
1,"(np.float64(0.15600000000000003),)",1,0.0351545388
1,"(np.float64(0.5640000000000001),)",0,0.188
1,"(np.float64(0.5640000000000001),)",1,0.0
1,"(np.float64(0.272),)",0,0.039425433921
1,"(np.float64(0.272),)",1,0.0
1,"(np.float64(0.6739999999999999),)",0,0.006000000000000002
1,"(np.float64(0.6739999999999999),)",1,0.0
1,"(np.float64(0.406),)",0,0.009773979000000002
1,"(np.float64(0.406),)",1,0.38372737075957997
1,"(np.float64(0.26),)",0,0.22235412390000003
1,"(np.float64(0.26),)",1,0.012000000000000004
1,"(np.float64(0.5579999999999999),)",0,0.0122403591
1,"(np.float64(0.5579999999999999),)",1,0.0
1,"(np.float64(0.24799999999999994),)",0,0.009000000000000001
1,"(np.float64(0.24799999999999994),)",1,0.0
1,"(np.float64(0.096),)",0,0.027890981999999998
1,"(np.float64(0.096),)",1,0.0
1,"(np.float64(0.38199999999999995),)",0,0.07575091076242955
1,"(np.float64(0.38199999999999995),)",1,0.0
1,"(np.float64(0.22999999999999998),)",0,0.20133683430560137
1,"(np.float64(0.22999999999999998),)",1,0.8555387615130562
1,"(np.float64(0.08400000000000002),)",0,0.0
1,"(np.float64(0.08400000000000002),)",1,0.6756107792307766
1,"(np.float64(0.364),)",0,0.11343954787225646
1,"(np.float64(0.364),)",1,0.0
1,"(np.float64(0.07200000000000002),)",0,0.19404471671241064
1,"(np.float64(0.07200000000000002),)",1,0.0
1,"(np.float64(0.358),)",0,0.0
1,"(np.float64(0.358),)",1,0.7358052819216107
1,"(np.float64(0.6679999999999999),)",0,0.20314110761298018
1,"(np.float64(0.6679999999999999),)",1,0.0
1,"(np.float64(0.248),)",0,0.006000000000000002
1,"(np.float64(0.248),)",1,0.19642400000000002
1,"(np.float64(0.10800000000000001),)",0,0.07358046539364473
1,"(np.float64(0.10800000000000001),)",1,0.003000000000000001
1,"(np.float64(0.6559999999999999),)",0,0.009000000000000001
1,"(np.float64(0.6559999999999999),)",1,0.0
1,"(np.float64(0.09000000000000002),)",0,0.17900000000000002
1,"(np.float64(0.09000000000000002),)",1,0.006000000000000002
1,"(np.float64(0.516),)",0,0.13323520368173583
1,"(np.float64(0.516),)",1,0.0
1,"(np.float64(0.23600000000000004),)",0,0.06938422824756599
1,"(np.float64(0.23600000000000004),)",1,1.0272945770961575
1,"(np.float64(0.662),)",0,0.039937200000000006
1,"(np.float64(0.662),)",1,0.0
1,"(np.float64(0.6980000000000001),)",0,0.17900000000000002
1,"(np.float64(0.6980000000000001),)",1,0.0
1,"(np.float64(0.278),)",0,0.0
1,"(np.float64(0.278),)",1,0.18606235753728198
1,"(np.float64(0.71),)",0,0.015000000000000003
1,"(np.float64(0.71),)",1,0.0
1,"(np.float64(0.132),)",0,0.0
1,"(np.float64(0.132),)",1,0.033018000000000006
1,"(np.float64(0.26600000000000007),)",0,0.0
1,"(np.float64(0.26600000000000007),)",1,0.012000000000000004
1,"(np.float64(0.25400000000000006),)",0,0.009000000000000001
1,"(np.float64(0.25400000000000006),)",1,0.0
1,"(np.float64(0.09600000000000002),)",0,0.11267136639826342
1,"(np.float64(0.09600000000000002),)",1,0.0
1,"(np.float64(0.07200000000000001),)",0,0.2075976583596034
1,"(np.float64(0.07200000000000001),)",1,0.0
1,"(np.float64(0.05400000000000001),)",0,0.1503633381
1,"(np.float64(0.05400000000000001),)",1,0.0
1,"(np.float64(0.048),)",0,0.18777194458115742
1,"(np.float64(0.048),)",1,0.0
1,"(np.float64(0.036000000000000004),)",0,0.30930472686709
1,"(np.float64(0.036000000000000004),)",1,0.0
1,"(np.float64(0.176),)",0,0.526742195708354
1,"(np.float64(0.176),)",1,0.03313259094644707
1,"(np.float64(0.030000000000000006),)",0,0.003000000000000001
1,"(np.float64(0.030000000000000006),)",1,0.9525291825802831
1,"(np.float64(0.024000000000000004),)",0,0.027620539297288083
1,"(np.float64(0.024000000000000004),)",1,0.36090335583676386
1,"(np.float64(0.012000000000000002),)",0,0.004724976000000001
1,"(np.float64(0.012000000000000002),)",1,1.6928170281099848
1,"(np.float64(0.152),)",0,0.5006292780100866
1,"(np.float64(0.152),)",1,0.0
1,"(np.float64(0.158),)",0,0.0
1,"(np.float64(0.158),)",1,1.0267240582733017
1,"(np.float64(0.164),)",0,0.04471577974242569
1,"(np.float64(0.164),)",1,0.0
1,"(np.float64(0.17),)",0,0.21527764492399762
1,"(np.float64(0.17),)",1,0.0
1,"(np.float64(0.32199999999999995),)",0,0.3560311379392801
1,"(np.float64(0.32199999999999995),)",1,0.0
1,"(np.float64(0.188),)",0,0.24174270813647306
1,"(np.float64(0.188),)",1,0.006000000000000002
1,"(np.float64(0.194),)",0,0.20576638067877498
1,"(np.float64(0.194),)",1,0.0
1,"(np.float64(0.48599999999999993),)",0,0.003000000000000001
1,"(np.float64(0.48599999999999993),)",1,0.027219705345746265
1,"(np.float64(0.352),)",0,0.09354621282068962
1,"(np.float64(0.352),)",1,0.0
1,"(np.float64(0.06600000000000002),)",0,0.01837420906903232
1,"(np.float64(0.06600000000000002),)",1,0.0
1,"(np.float64(0.20600000000000002),)",0,0.09639444845519284
1,"(np.float64(0.20600000000000002),)",1,0.0
1,"(np.float64(0.6799999999999999),)",0,0.0064692197066591245
1,"(np.float64(0.6799999999999999),)",1,0.0
1,"(np.float64(0.09000000000000001),)",0,0.16677084975809042
1,"(np.float64(0.09000000000000001),)",1,0.0
1,"(np.float64(0.37000000000000005),)",0,0.040294433731577775
1,"(np.float64(0.37000000000000005),)",1,0.0
1,"(np.float64(0.808),)",0,0.030717569969628395
1,"(np.float64(0.808),)",1,0.0
1,"(np.float64(0.522),)",0,0.13645048393984885
1,"(np.float64(0.522),)",1,0.0
1,"(np.float64(0.09600000000000003),)",0,0.009594000000000002
1,"(np.float64(0.09600000000000003),)",1,0.0
1,"(np.float64(0.21799999999999997),)",0,0.015081442955513695
1,"(np.float64(0.21799999999999997),)",1,0.0
1,"(np.float64(0.21199999999999997),)",0,0.031524
1,"(np.float64(0.21199999999999997),)",1,0.0
1,"(np.float64(0.35200000000000004),)",0,0.17953210341800002
1,"(np.float64(0.35200000000000004),)",1,0.0
1,"(np.float64(0.5039999999999999),)",0,0.009000000000000001
1,"(np.float64(0.5039999999999999),)",1,0.0
1,"(np.float64(0.22399999999999998),)",0,0.017991000000000004
1,"(np.float64(0.22399999999999998),)",1,0.0
1,"(np.float64(0.078),)",0,0.011994000000000003
1,"(np.float64(0.078),)",1,0.04097658347056454
1,"(np.float64(0.054000000000000006),)",0,0.2580631458693625
1,"(np.float64(0.054000000000000006),)",1,0.0
1,"(np.float64(0.042),)",0,0.43761418914714817
1,"(np.float64(0.042),)",1,0.003594000000000001
1,"(np.float64(0.03600000000000001),)",0,0.0
1,"(np.float64(0.03600000000000001),)",1,1.3240053153140035
1,"(np.float64(0.45599999999999996),)",0,0.0
1,"(np.float64(0.45599999999999996),)",1,0.19328062174602914
1,"(np.float64(0.31599999999999995),)",0,0.02420437624513618
1,"(np.float64(0.31599999999999995),)",1,0.0
1,"(np.float64(0.182),)",0,0.3247949802374422
1,"(np.float64(0.182),)",1,0.0
1,"(np.float64(0.328),)",0,0.03637631744521401
1,"(np.float64(0.328),)",1,0.6433448854833627
1,"(np.float64(0.33999999999999997),)",0,0.04019173180923192
1,"(np.float64(0.33999999999999997),)",1,0.0
1,"(np.float64(0.06000000000000001),)",0,0.31681481322428884
1,"(np.float64(0.06000000000000001),)",1,0.006000000000000002
1,"(np.float64(0.34600000000000003),)",0,0.009000000000000001
1,"(np.float64(0.34600000000000003),)",1,0.0
1,"(np.float64(0.21200000000000002),)",0,0.2182934762505652
1,"(np.float64(0.21200000000000002),)",1,0.01442468496132966
1,"(np.float64(0.504),)",0,0.0
1,"(np.float64(0.504),)",1,0.05758599035841999
1,"(np.float64(0.39399999999999996),)",0,0.0
1,"(np.float64(0.39399999999999996),)",1,0.011645379000000003
1,"(np.float64(0.36400000000000005),)",0,0.024018
1,"(np.float64(0.36400000000000005),)",1,0.0
1,"(np.float64(0.4739999999999999),)",0,0.009000000000000001
1,"(np.float64(0.4739999999999999),)",1,0.0
1,"(np.float64(0.2),)",0,0.10754982780539918
1,"(np.float64(0.2),)",1,0.0
1,"(np.float64(0.334),)",0,0.023314407990000004
1,"(np.float64(0.334),)",1,0.0
1,"(np.float64(0.316),)",0,0.11341965080667893
1,"(np.float64(0.316),)",1,0.12549218479299032
1,"(np.float64(0.322),)",0,0.020928365400000003
1,"(np.float64(0.322),)",1,0.0
1,"(np.float64(0.46799999999999997),)",0,0.0963994299661704
1,"(np.float64(0.46799999999999997),)",1,0.0
1,"(np.float64(0.04800000000000001),)",0,0.19372100000000003
1,"(np.float64(0.04800000000000001),)",1,0.6906747630171741
1,"(np.float64(0.17600000000000002),)",0,0.34592557346714337
1,"(np.float64(0.17600000000000002),)",1,0.0
1,"(np.float64(0.04200000000000001),)",0,0.2853723964889417
1,"(np.float64(0.04200000000000001),)",1,0.0
1,"(np.float64(0.18200000000000002),)",0,0.0902972667131568
1,"(np.float64(0.18200000000000002),)",1,0.0
1,"(np.float64(0.32799999999999996),)",0,0.073146485672542
1,"(np.float64(0.32799999999999996),)",1,0.0
1,"(np.float64(0.6319999999999999),)",0,0.0
1,"(np.float64(0.6319999999999999),)",1,0.006891000000000001
1,"(np.float64(0.34),)",0,0.18365108668146737
1,"(np.float64(0.34),)",1,0.0
1,"(np.float64(0.12),)",0,0.015361676735993214
1,"(np.float64(0.12),)",1,0.0
1,"(np.float64(0.35800000000000004),)",0,0.0023677066308060006
1,"(np.float64(0.35800000000000004),)",1,0.0
1,"(np.float64(0.23599999999999993),)",0,0.0018526004328911876
1,"(np.float64(0.23599999999999993),)",1,0.0
1,"(np.float64(0.018000000000000006),)",0,0.6002983158054906
1,"(np.float64(0.018000000000000006),)",1,0.0
1,"(np.float64(0.33399999999999996),)",0,0.061152876261638234
1,"(np.float64(0.33399999999999996),)",1,0.0
1,"(np.float64(0.16399999999999998),)",0,0.024780579473935728
1,"(np.float64(0.16399999999999998),)",1,0.0
1,"(np.float64(0.006000000000000001),)",0,0.029932510937433952
1,"(np.float64(0.006000000000000001),)",1,0.0
1,"(np.float64(0.304),)",0,0.07005923638048316
1,"(np.float64(0.304),)",1,0.0
1,"(np.float64(0.37600000000000006),)",0,0.05669586691684882
1,"(np.float64(0.37600000000000006),)",1,0.0
1,"(np.float64(0.07800000000000003),)",0,0.012297000000000002
1,"(np.float64(0.07800000000000003),)",1,0.0
1,"(np.float64(0.018000000000000002),)",0,0.6448915488930624
1,"(np.float64(0.018000000000000002),)",1,0.0
1,"(np.float64(0.298),)",0,0.17915740278587
1,"(np.float64(0.298),)",1,0.0
1,"(np.float64(0.16999999999999998),)",0,0.07996711085503962
1,"(np.float64(0.16999999999999998),)",1,0.0
1,"(np.float64(0.48),)",0,0.026486578773617462
1,"(np.float64(0.48),)",1,0.0
1,"(np.float64(0.20000000000000004),)",0,0.021879967191
1,"(np.float64(0.20000000000000004),)",1,0.0
1,"(np.float64(0.346),)",0,0.022808137471152998
1,"(np.float64(0.346),)",1,0.0
1,"(np.float64(0.462),)",0,0.027931036904437746
1,"(np.float64(0.462),)",1,0.0
1,"(np.float64(0.0),)",0,0.1345456001981228
1,"(np.float64(0.0),)",1,0.04599034351376212
1,"(np.float64(0.146),)",0,0.02283415094740653
1,"(np.float64(0.146),)",1,0.0
1,"(np.float64(0.31),)",0,0.14182152511615792
1,"(np.float64(0.31),)",1,0.0
1,"(np.float64(0.20600000000000004),)",0,0.013096082437020562
1,"(np.float64(0.20600000000000004),)",1,0.0
1,"(np.float64(0.30999999999999994),)",0,0.09749231437672935
1,"(np.float64(0.30999999999999994),)",1,0.0
1,"(np.float64(0.15799999999999997),)",0,0.6339825137251033
1,"(np.float64(0.15799999999999997),)",1,0.0
2,"(np.float64(0.292),)",0,0.0
2,"(np.float64(0.292),)",1,0.17300000000000001
2,"(np.float64(0.5959999999999999),)",0,0.0
2,"(np.float64(0.5959999999999999),)",1,0.003000000000000001
2,"(np.float64(0.47400000000000003),)",0,0.0
2,"(np.float64(0.47400000000000003),)",1,0.18170000000000003
2,"(np.float64(0.492),)",0,0.021809402917535945
2,"(np.float64(0.492),)",1,0.0
2,"(np.float64(0.21800000000000003),)",0,0.23878575760654094
2,"(np.float64(0.21800000000000003),)",1,0.0
2,"(np.float64(0.37),)",0,0.003000000000000001
2,"(np.float64(0.37),)",1,1.1911113025973692
2,"(np.float64(0.236),)",0,0.0
2,"(np.float64(0.236),)",1,0.28528472549077083
2,"(np.float64(0.242),)",0,0.23727771418100005
2,"(np.float64(0.242),)",1,1.0861178776204372
2,"(np.float64(0.5399999999999999),)",0,0.006000000000000002
2,"(np.float64(0.5399999999999999),)",1,0.843198828482
2,"(np.float64(0.41200000000000003),)",0,0.355623546
2,"(np.float64(0.41200000000000003),)",1,0.0
2,"(np.float64(0.558),)",0,0.0
2,"(np.float64(0.558),)",1,0.17600000000000002
2,"(np.float64(0.40599999999999997),)",0,0.011615976000000002
2,"(np.float64(0.40599999999999997),)",1,0.344882
2,"(np.float64(0.39999999999999997),)",0,0.1814460888
2,"(np.float64(0.39999999999999997),)",1,0.0
2,"(np.float64(0.6859999999999998),)",0,0.012000000000000004
2,"(np.float64(0.6859999999999998),)",1,0.0
2,"(np.float64(0.12000000000000002),)",0,0.1955508
2,"(np.float64(0.12000000000000002),)",1,0.18500000000000003
2,"(np.float64(0.254),)",0,0.07894008000000001
2,"(np.float64(0.254),)",1,0.0
2,"(np.float64(0.4),)",0,0.36112527485
2,"(np.float64(0.4),)",1,0.038415000000000005
2,"(np.float64(0.5519999999999999),)",0,0.0
2,"(np.float64(0.5519999999999999),)",1,0.5024309862
2,"(np.float64(0.844),)",0,0.18500000000000003
2,"(np.float64(0.844),)",1,0.018000000000000002
2,"(np.float64(0.716),)",0,0.0
2,"(np.float64(0.716),)",1,0.191
2,"(np.float64(0.576),)",0,0.0
2,"(np.float64(0.576),)",1,0.381809
2,"(np.float64(0.29000000000000004),)",0,0.191
2,"(np.float64(0.29000000000000004),)",1,0.0
2,"(np.float64(0.43),)",0,0.0
2,"(np.float64(0.43),)",1,0.191
2,"(np.float64(0.564),)",0,0.0
2,"(np.float64(0.564),)",1,0.021000000000000005
2,"(np.float64(0.43599999999999994),)",0,0.214483991
2,"(np.float64(0.43599999999999994),)",1,0.191
2,"(np.float64(0.442),)",0,0.0
2,"(np.float64(0.442),)",1,0.03690000000000001
2,"(np.float64(0.43600000000000005),)",0,0.0
2,"(np.float64(0.43600000000000005),)",1,0.015000000000000003
2,"(np.float64(0.126),)",0,0.21368674055172002
2,"(np.float64(0.126),)",1,0.0
2,"(np.float64(0.686),)",0,0.19850000000000004
2,"(np.float64(0.686),)",1,0.0
2,"(np.float64(0.546),)",0,0.0362835
2,"(np.float64(0.546),)",1,0.0
2,"(np.float64(0.24800000000000005),)",0,0.13048655433054085
2,"(np.float64(0.24800000000000005),)",1,0.0
2,"(np.float64(0.5279999999999999),)",0,0.0
2,"(np.float64(0.5279999999999999),)",1,0.6018222533153474
2,"(np.float64(0.388),)",0,0.3461000000000001
2,"(np.float64(0.388),)",1,0.7358532383966512
2,"(np.float64(0.534),)",0,0.0
2,"(np.float64(0.534),)",1,0.405620002191989
2,"(np.float64(0.26000000000000006),)",0,0.0
2,"(np.float64(0.26000000000000006),)",1,0.18500000000000003
2,"(np.float64(0.24200000000000005),)",0,0.1420429330444076
2,"(np.float64(0.24200000000000005),)",1,0.0
2,"(np.float64(0.23000000000000004),)",0,0.25706316834225085
2,"(np.float64(0.23000000000000004),)",1,0.7046065083874715
2,"(np.float64(0.382),)",0,0.1890377447
2,"(np.float64(0.382),)",1,0.572208746870599
2,"(np.float64(0.54),)",0,0.18150532627636848
2,"(np.float64(0.54),)",1,0.033612
2,"(np.float64(0.552),)",0,0.0
2,"(np.float64(0.552),)",1,0.3572
2,"(np.float64(0.704),)",0,0.015000000000000003
2,"(np.float64(0.704),)",1,0.0
2,"(np.float64(0.418),)",0,0.0
2,"(np.float64(0.418),)",1,0.1872
2,"(np.float64(0.42400000000000004),)",0,0.015000000000000003
2,"(np.float64(0.42400000000000004),)",1,0.0
2,"(np.float64(0.284),)",0,0.389285105
2,"(np.float64(0.284),)",1,0.0
2,"(np.float64(0.26599999999999996),)",0,0.033612
2,"(np.float64(0.26599999999999996),)",1,0.0
2,"(np.float64(0.528),)",0,0.043365930917634535
2,"(np.float64(0.528),)",1,0.0
2,"(np.float64(0.10200000000000001),)",0,0.268442014887588
2,"(np.float64(0.10200000000000001),)",1,0.0
2,"(np.float64(0.376),)",0,0.5293280919531964
2,"(np.float64(0.376),)",1,0.029726195055610027
2,"(np.float64(0.084),)",0,0.045253653846546615
2,"(np.float64(0.084),)",1,0.0
2,"(np.float64(0.22400000000000003),)",0,0.6718121810862291
2,"(np.float64(0.22400000000000003),)",1,0.028772379000000004
2,"(np.float64(0.51),)",0,0.0
2,"(np.float64(0.51),)",1,0.3102213827280722
2,"(np.float64(0.5159999999999999),)",0,0.022694266485000003
2,"(np.float64(0.5159999999999999),)",1,0.023721000000000006
2,"(np.float64(0.27199999999999996),)",0,0.033612
2,"(np.float64(0.27199999999999996),)",1,0.0
2,"(np.float64(0.11400000000000002),)",0,0.17959400000000003
2,"(np.float64(0.11400000000000002),)",1,0.0
2,"(np.float64(0.698),)",0,0.0
2,"(np.float64(0.698),)",1,0.009000000000000001
2,"(np.float64(0.266),)",0,0.0
2,"(np.float64(0.266),)",1,0.025030500000000004
2,"(np.float64(0.394),)",0,0.03269427900000001
2,"(np.float64(0.394),)",1,0.46222150468661005
2,"(np.float64(0.8559999999999999),)",0,0.0
2,"(np.float64(0.8559999999999999),)",1,0.015000000000000003
2,"(np.float64(0.15600000000000003),)",0,0.0
2,"(np.float64(0.15600000000000003),)",1,0.20735717990000002
2,"(np.float64(0.5640000000000001),)",0,0.018000000000000002
2,"(np.float64(0.5640000000000001),)",1,0.0
2,"(np.float64(0.272),)",0,0.202180138212
2,"(np.float64(0.272),)",1,0.0
2,"(np.float64(0.6739999999999999),)",0,0.191
2,"(np.float64(0.6739999999999999),)",1,0.0
2,"(np.float64(0.406),)",0,0.257053748652
2,"(np.float64(0.406),)",1,0.029417355814185003
2,"(np.float64(0.26),)",0,0.39224968308515007
2,"(np.float64(0.26),)",1,0.0
2,"(np.float64(0.5579999999999999),)",0,0.03250751340000001
2,"(np.float64(0.5579999999999999),)",1,0.0
2,"(np.float64(0.24799999999999994),)",0,0.0
2,"(np.float64(0.24799999999999994),)",1,0.006000000000000002
2,"(np.float64(0.096),)",0,0.04410535740000002
2,"(np.float64(0.096),)",1,0.0
2,"(np.float64(0.38199999999999995),)",0,0.10493640398650121
2,"(np.float64(0.38199999999999995),)",1,0.0
2,"(np.float64(0.22999999999999998),)",0,0.3808073540557281
2,"(np.float64(0.22999999999999998),)",1,0.0002970000000000001
2,"(np.float64(0.08400000000000002),)",0,0.299122295240515
2,"(np.float64(0.08400000000000002),)",1,0.0
2,"(np.float64(0.364),)",0,0.179979209
2,"(np.float64(0.364),)",1,0.8697161782981533
2,"(np.float64(0.07200000000000002),)",0,0.15660657364351466
2,"(np.float64(0.07200000000000002),)",1,0.025333024620461726
2,"(np.float64(0.358),)",0,0.19718395645472242
2,"(np.float64(0.358),)",1,0.17900000000000002
2,"(np.float64(0.6679999999999999),)",0,0.186485
2,"(np.float64(0.6679999999999999),)",1,0.0778296726968251
2,"(np.float64(0.248),)",0,0.046518000000000004
2,"(np.float64(0.248),)",1,0.0
2,"(np.float64(0.10800000000000001),)",0,0.054549237296210265
2,"(np.float64(0.10800000000000001),)",1,0.0
2,"(np.float64(0.6559999999999999),)",0,0.0
2,"(np.float64(0.6559999999999999),)",1,0.003000000000000001
2,"(np.float64(0.09000000000000002),)",0,0.0
2,"(np.float64(0.09000000000000002),)",1,0.011700000000000002
2,"(np.float64(0.516),)",0,0.167475380199609
2,"(np.float64(0.516),)",1,0.0
2,"(np.float64(0.23600000000000004),)",0,0.25196368690582516
2,"(np.float64(0.23600000000000004),)",1,0.0
2,"(np.float64(0.662),)",0,0.05437734000000001
2,"(np.float64(0.662),)",1,0.0
2,"(np.float64(0.6980000000000001),)",0,0.012000000000000004
2,"(np.float64(0.6980000000000001),)",1,0.0
2,"(np.float64(0.278),)",0,0.013264378390800004
2,"(np.float64(0.278),)",1,0.0
2,"(np.float64(0.71),)",0,0.012000000000000004
2,"(np.float64(0.71),)",1,0.0
2,"(np.float64(0.132),)",0,0.03178138800000001
2,"(np.float64(0.132),)",1,0.0
2,"(np.float64(0.26600000000000007),)",0,0.18500000000000003
2,"(np.float64(0.26600000000000007),)",1,0.0
2,"(np.float64(0.25400000000000006),)",0,0.012000000000000004
2,"(np.float64(0.25400000000000006),)",1,0.0
2,"(np.float64(0.09600000000000002),)",0,0.2103945083976819
2,"(np.float64(0.09600000000000002),)",1,0.0
2,"(np.float64(0.07200000000000001),)",0,0.08312916498195962
2,"(np.float64(0.07200000000000001),)",1,0.0
2,"(np.float64(0.05400000000000001),)",0,0.0308502378
2,"(np.float64(0.05400000000000001),)",1,0.0
2,"(np.float64(0.048),)",0,0.2969497864852089
2,"(np.float64(0.048),)",1,0.0
2,"(np.float64(0.036000000000000004),)",0,0.0
2,"(np.float64(0.036000000000000004),)",1,1.2056311040122805
2,"(np.float64(0.176),)",0,0.42354491766494434
2,"(np.float64(0.176),)",1,0.0
2,"(np.float64(0.030000000000000006),)",0,0.1941740186858362
2,"(np.float64(0.030000000000000006),)",1,1.2459646250651089
2,"(np.float64(0.024000000000000004),)",0,0.07765954824251467
2,"(np.float64(0.024000000000000004),)",1,0.0
2,"(np.float64(0.012000000000000002),)",0,0.22715982011108848
2,"(np.float64(0.012000000000000002),)",1,0.003997541522383882
2,"(np.float64(0.152),)",0,0.04590582811571108
2,"(np.float64(0.152),)",1,0.0
2,"(np.float64(0.158),)",0,0.1263333767087158
2,"(np.float64(0.158),)",1,0.0029967030000000007
2,"(np.float64(0.164),)",0,0.020429454602130345
2,"(np.float64(0.164),)",1,0.0
2,"(np.float64(0.17),)",0,0.19279903954872338
2,"(np.float64(0.17),)",1,0.0
2,"(np.float64(0.32199999999999995),)",0,0.43901999721311324
2,"(np.float64(0.32199999999999995),)",1,0.0656885237992492
2,"(np.float64(0.188),)",0,0.19775737546923627
2,"(np.float64(0.188),)",1,1.0236589068237507
2,"(np.float64(0.194),)",0,0.26652466356049487
2,"(np.float64(0.194),)",1,0.18487585294945058
2,"(np.float64(0.48599999999999993),)",0,0.16169685725222627
2,"(np.float64(0.48599999999999993),)",1,0.0
2,"(np.float64(0.352),)",0,0.1814
2,"(np.float64(0.352),)",1,0.5040414200908877
2,"(np.float64(0.06600000000000002),)",0,0.0
2,"(np.float64(0.06600000000000002),)",1,0.012502667026131217
2,"(np.float64(0.20600000000000002),)",0,0.003000000000000001
2,"(np.float64(0.20600000000000002),)",1,1.1085475774349256
2,"(np.float64(0.6799999999999999),)",0,0.01572806394963384
2,"(np.float64(0.6799999999999999),)",1,0.0
2,"(np.float64(0.09000000000000001),)",0,0.4530945214601051
2,"(np.float64(0.09000000000000001),)",1,0.056758655895563406
2,"(np.float64(0.37000000000000005),)",0,0.0
2,"(np.float64(0.37000000000000005),)",1,0.03398915024239279
2,"(np.float64(0.808),)",0,0.010354181309432694
2,"(np.float64(0.808),)",1,0.0
2,"(np.float64(0.522),)",0,0.0
2,"(np.float64(0.522),)",1,0.4278850551519313
2,"(np.float64(0.09600000000000003),)",0,0.0
2,"(np.float64(0.09600000000000003),)",1,0.009297000000000001
2,"(np.float64(0.21799999999999997),)",0,0.0
2,"(np.float64(0.21799999999999997),)",1,0.26649012461125315
2,"(np.float64(0.21199999999999997),)",0,0.015908631527003624
2,"(np.float64(0.21199999999999997),)",1,0.0
2,"(np.float64(0.35200000000000004),)",0,0.0058484655210000016
2,"(np.float64(0.35200000000000004),)",1,0.0
2,"(np.float64(0.5039999999999999),)",0,0.009000000000000001
2,"(np.float64(0.5039999999999999),)",1,0.0
2,"(np.float64(0.22399999999999998),)",0,0.182
2,"(np.float64(0.22399999999999998),)",1,0.012594000000000003
2,"(np.float64(0.078),)",0,0.11623084272190869
2,"(np.float64(0.078),)",1,0.0
2,"(np.float64(0.054000000000000006),)",0,0.10947293377932032
2,"(np.float64(0.054000000000000006),)",1,0.0
2,"(np.float64(0.042),)",0,0.706179723020236
2,"(np.float64(0.042),)",1,0.011717225400000001
2,"(np.float64(0.03600000000000001),)",0,0.464722853596637
2,"(np.float64(0.03600000000000001),)",1,0.0
2,"(np.float64(0.45599999999999996),)",0,0.046176708746360096
2,"(np.float64(0.45599999999999996),)",1,0.0
2,"(np.float64(0.31599999999999995),)",0,0.09658708567551427
2,"(np.float64(0.31599999999999995),)",1,0.0
2,"(np.float64(0.182),)",0,0.39534132738705813
2,"(np.float64(0.182),)",1,0.0
2,"(np.float64(0.328),)",0,0.0526523854137606
2,"(np.float64(0.328),)",1,0.003385209000000001
2,"(np.float64(0.33999999999999997),)",0,0.03328771953595733
2,"(np.float64(0.33999999999999997),)",1,0.0043154130000000014
2,"(np.float64(0.06000000000000001),)",0,0.26312508030338944
2,"(np.float64(0.06000000000000001),)",1,0.0
2,"(np.float64(0.34600000000000003),)",0,0.006000000000000002
2,"(np.float64(0.34600000000000003),)",1,0.0
2,"(np.float64(0.21200000000000002),)",0,0.10432769590571361
2,"(np.float64(0.21200000000000002),)",1,0.0
2,"(np.float64(0.504),)",0,0.0
2,"(np.float64(0.504),)",1,0.04621123521815351
2,"(np.float64(0.39399999999999996),)",0,0.0
2,"(np.float64(0.39399999999999996),)",1,0.030165015000000007
2,"(np.float64(0.36400000000000005),)",0,0.026721
2,"(np.float64(0.36400000000000005),)",1,0.0
2,"(np.float64(0.4739999999999999),)",0,0.003000000000000001
2,"(np.float64(0.4739999999999999),)",1,0.0
2,"(np.float64(0.2),)",0,0.21373396812530432
2,"(np.float64(0.2),)",1,0.0
2,"(np.float64(0.334),)",0,0.0061822629300000015
2,"(np.float64(0.334),)",1,0.0
2,"(np.float64(0.316),)",0,0.08139097341903496
2,"(np.float64(0.316),)",1,0.0
2,"(np.float64(0.322),)",0,0.0
2,"(np.float64(0.322),)",1,0.0239280983673
2,"(np.float64(0.46799999999999997),)",0,0.0
2,"(np.float64(0.46799999999999997),)",1,0.5434085675100095
2,"(np.float64(0.04800000000000001),)",0,0.16131565523153804
2,"(np.float64(0.04800000000000001),)",1,0.0
2,"(np.float64(0.17600000000000002),)",0,0.14257353172204512
2,"(np.float64(0.17600000000000002),)",1,0.0
2,"(np.float64(0.04200000000000001),)",0,0.11820854937276777
2,"(np.float64(0.04200000000000001),)",1,0.006000000000000002
2,"(np.float64(0.18200000000000002),)",0,0.030319276028530504
2,"(np.float64(0.18200000000000002),)",1,0.0
2,"(np.float64(0.32799999999999996),)",0,0.07615066138290463
2,"(np.float64(0.32799999999999996),)",1,0.0
2,"(np.float64(0.6319999999999999),)",0,0.182385209
2,"(np.float64(0.6319999999999999),)",1,0.0
2,"(np.float64(0.34),)",0,0.07581731910746092
2,"(np.float64(0.34),)",1,0.0
2,"(np.float64(0.12),)",0,0.020370543799203413
2,"(np.float64(0.12),)",1,0.0
2,"(np.float64(0.35800000000000004),)",0,0.016950584703527127
2,"(np.float64(0.35800000000000004),)",1,0.0
2,"(np.float64(0.23599999999999993),)",0,0.012516273003514006
2,"(np.float64(0.23599999999999993),)",1,0.0
2,"(np.float64(0.018000000000000006),)",0,0.22023672750927717
2,"(np.float64(0.018000000000000006),)",1,0.0
2,"(np.float64(0.33399999999999996),)",0,0.10323982040056222
2,"(np.float64(0.33399999999999996),)",1,0.0
2,"(np.float64(0.16399999999999998),)",0,0.02597865609958421
2,"(np.float64(0.16399999999999998),)",1,0.0
2,"(np.float64(0.006000000000000001),)",0,0.0065202364844849725
2,"(np.float64(0.006000000000000001),)",1,0.0005321985730594036
2,"(np.float64(0.304),)",0,0.02950395906150255
2,"(np.float64(0.304),)",1,0.0
2,"(np.float64(0.37600000000000006),)",0,0.032187238456387324
2,"(np.float64(0.37600000000000006),)",1,0.0
2,"(np.float64(0.07800000000000003),)",0,0.0005940000000000002
2,"(np.float64(0.07800000000000003),)",1,0.0
2,"(np.float64(0.018000000000000002),)",0,0.0455553504776294
2,"(np.float64(0.018000000000000002),)",1,0.0
2,"(np.float64(0.298),)",0,0.005115898926570001
2,"(np.float64(0.298),)",1,0.0
2,"(np.float64(0.16999999999999998),)",0,0.11976680636830031
2,"(np.float64(0.16999999999999998),)",1,0.0
2,"(np.float64(0.48),)",0,0.02124674243541417
2,"(np.float64(0.48),)",1,0.0
2,"(np.float64(0.20000000000000004),)",0,0.0033935261580000002
2,"(np.float64(0.20000000000000004),)",1,0.0
2,"(np.float64(0.346),)",0,0.012038022108879103
2,"(np.float64(0.346),)",1,0.0
2,"(np.float64(0.462),)",0,0.05712657547333349
2,"(np.float64(0.462),)",1,0.0
2,"(np.float64(0.0),)",0,0.016912851117255302
2,"(np.float64(0.0),)",1,0.0
2,"(np.float64(0.146),)",0,0.15676807790900177
2,"(np.float64(0.146),)",1,0.0
2,"(np.float64(0.31),)",0,0.20426840297496268
2,"(np.float64(0.31),)",1,0.0
2,"(np.float64(0.20600000000000004),)",0,0.2679824298881187
2,"(np.float64(0.20600000000000004),)",1,0.0
2,"(np.float64(0.30999999999999994),)",0,0.09860109210360883
2,"(np.float64(0.30999999999999994),)",1,0.0
2,"(np.float64(0.15799999999999997),)",0,0.03806484134601476
2,"(np.float64(0.15799999999999997),)",1,0.0
3,"(np.float64(0.292),)",0,0.17300000000000001
3,"(np.float64(0.292),)",1,0.0
3,"(np.float64(0.5959999999999999),)",0,0.0
3,"(np.float64(0.5959999999999999),)",1,0.17600000000000002
3,"(np.float64(0.47400000000000003),)",0,0.0
3,"(np.float64(0.47400000000000003),)",1,0.1844
3,"(np.float64(0.492),)",0,0.02661857776289832
3,"(np.float64(0.492),)",1,0.0
3,"(np.float64(0.21800000000000003),)",0,0.43361392708796964
3,"(np.float64(0.21800000000000003),)",1,0.17406064396755633
3,"(np.float64(0.37),)",0,0.18204980600000004
3,"(np.float64(0.37),)",1,1.460544620880424
3,"(np.float64(0.236),)",0,0.0
3,"(np.float64(0.236),)",1,0.6550638381030655
3,"(np.float64(0.242),)",0,0.4458386187243226
3,"(np.float64(0.242),)",1,0.08088444642606174
3,"(np.float64(0.5399999999999999),)",0,0.7598193395149999
3,"(np.float64(0.5399999999999999),)",1,0.0
3,"(np.float64(0.41200000000000003),)",0,0.34566810000000003
3,"(np.float64(0.41200000000000003),)",1,0.38866880000000004
3,"(np.float64(0.558),)",0,0.018000000000000002
3,"(np.float64(0.558),)",1,0.0
3,"(np.float64(0.40599999999999997),)",0,0.0
3,"(np.float64(0.40599999999999997),)",1,0.344264685
3,"(np.float64(0.39999999999999997),)",0,0.025604128500000004
3,"(np.float64(0.39999999999999997),)",1,0.191
3,"(np.float64(0.6859999999999998),)",0,0.0
3,"(np.float64(0.6859999999999998),)",1,0.021000000000000005
3,"(np.float64(0.12000000000000002),)",0,0.0
3,"(np.float64(0.12000000000000002),)",1,0.03901650000000001
3,"(np.float64(0.254),)",0,0.20426833500000002
3,"(np.float64(0.254),)",1,0.0
3,"(np.float64(0.4),)",0,0.06310287900000001
3,"(np.float64(0.4),)",1,0.3600926762
3,"(np.float64(0.5519999999999999),)",0,0.35614108650000004
3,"(np.float64(0.5519999999999999),)",1,0.015000000000000003
3,"(np.float64(0.844),)",0,0.18500000000000003
3,"(np.float64(0.844),)",1,0.188
3,"(np.float64(0.716),)",0,0.0
3,"(np.float64(0.716),)",1,0.18500000000000003
3,"(np.float64(0.576),)",0,0.023391000000000002
3,"(np.float64(0.576),)",1,0.0
3,"(np.float64(0.29000000000000004),)",0,0.0
3,"(np.float64(0.29000000000000004),)",1,0.012000000000000004
3,"(np.float64(0.43),)",0,0.009000000000000001
3,"(np.float64(0.43),)",1,0.0
3,"(np.float64(0.564),)",0,0.009000000000000001
3,"(np.float64(0.564),)",1,0.0
3,"(np.float64(0.43599999999999994),)",0,0.009000000000000001
3,"(np.float64(0.43599999999999994),)",1,0.007335015000000002
3,"(np.float64(0.442),)",0,0.19010000000000002
3,"(np.float64(0.442),)",1,0.0
3,"(np.float64(0.43600000000000005),)",0,0.009000000000000001
3,"(np.float64(0.43600000000000005),)",1,0.0
3,"(np.float64(0.126),)",0,0.1741313839740012
3,"(np.float64(0.126),)",1,0.030018000000000003
3,"(np.float64(0.686),)",0,0.015000000000000003
3,"(np.float64(0.686),)",1,0.17900000000000002
3,"(np.float64(0.546),)",0,0.018703800000000003
3,"(np.float64(0.546),)",1,0.0
3,"(np.float64(0.24800000000000005),)",0,0.0
3,"(np.float64(0.24800000000000005),)",1,0.25816756572018407
3,"(np.float64(0.5279999999999999),)",0,0.24840466641350004
3,"(np.float64(0.5279999999999999),)",1,0.009000000000000001
3,"(np.float64(0.388),)",0,0.3886148065424884
3,"(np.float64(0.388),)",1,0.06232131420000001
3,"(np.float64(0.534),)",0,0.188
3,"(np.float64(0.534),)",1,0.6661869336945159
3,"(np.float64(0.26000000000000006),)",0,0.0
3,"(np.float64(0.26000000000000006),)",1,0.015000000000000003
3,"(np.float64(0.24200000000000005),)",0,0.0
3,"(np.float64(0.24200000000000005),)",1,0.10187710530336766
3,"(np.float64(0.23000000000000004),)",0,0.3614783959994588
3,"(np.float64(0.23000000000000004),)",1,0.7718901498711225
3,"(np.float64(0.382),)",0,0.25033502052601686
3,"(np.float64(0.382),)",1,0.016725982800000004
3,"(np.float64(0.54),)",0,0.2213041162044062
3,"(np.float64(0.54),)",1,0.008462885716500002
3,"(np.float64(0.552),)",0,0.188
3,"(np.float64(0.552),)",1,0.015000000000000003
3,"(np.float64(0.704),)",0,0.015000000000000003
3,"(np.float64(0.704),)",1,0.0
3,"(np.float64(0.418),)",0,0.012000000000000004
3,"(np.float64(0.418),)",1,0.17900000000000002
3,"(np.float64(0.42400000000000004),)",0,0.0
3,"(np.float64(0.42400000000000004),)",1,0.012000000000000004
3,"(np.float64(0.284),)",0,0.013485000000000004
3,"(np.float64(0.284),)",1,0.178236618
3,"(np.float64(0.26599999999999996),)",0,0.027018000000000004
3,"(np.float64(0.26599999999999996),)",1,0.0
3,"(np.float64(0.528),)",0,0.052354648188973514
3,"(np.float64(0.528),)",1,0.0
3,"(np.float64(0.10200000000000001),)",0,0.0
3,"(np.float64(0.10200000000000001),)",1,0.22748449650450006
3,"(np.float64(0.376),)",0,0.6869424289408881
3,"(np.float64(0.376),)",1,0.0
3,"(np.float64(0.084),)",0,0.03724593059991775
3,"(np.float64(0.084),)",1,0.0
3,"(np.float64(0.22400000000000003),)",0,0.20896557619400002
3,"(np.float64(0.22400000000000003),)",1,1.629891101607433
3,"(np.float64(0.51),)",0,0.2535824385840974
3,"(np.float64(0.51),)",1,0.030434333002252862
3,"(np.float64(0.5159999999999999),)",0,0.19515176839079998
3,"(np.float64(0.5159999999999999),)",1,0.0
3,"(np.float64(0.27199999999999996),)",0,0.0
3,"(np.float64(0.27199999999999996),)",1,0.032721
3,"(np.float64(0.11400000000000002),)",0,0.027612000000000005
3,"(np.float64(0.11400000000000002),)",1,0.0
3,"(np.float64(0.698),)",0,0.182
3,"(np.float64(0.698),)",1,0.0
3,"(np.float64(0.266),)",0,0.040612800000000004
3,"(np.float64(0.266),)",1,0.0
3,"(np.float64(0.394),)",0,0.024315000000000003
3,"(np.float64(0.394),)",1,0.70951924448
3,"(np.float64(0.8559999999999999),)",0,0.018000000000000002
3,"(np.float64(0.8559999999999999),)",1,0.0
3,"(np.float64(0.15600000000000003),)",0,0.035838612000000006
3,"(np.float64(0.15600000000000003),)",1,0.0
3,"(np.float64(0.5640000000000001),)",0,0.012000000000000004
3,"(np.float64(0.5640000000000001),)",1,0.0
3,"(np.float64(0.272),)",0,0.04156463968500001
3,"(np.float64(0.272),)",1,0.0
3,"(np.float64(0.6739999999999999),)",0,0.18500000000000003
3,"(np.float64(0.6739999999999999),)",1,0.0
3,"(np.float64(0.406),)",0,0.0
3,"(np.float64(0.406),)",1,0.2786398732181926
3,"(np.float64(0.26),)",0,0.0
3,"(np.float64(0.26),)",1,0.25227063944942
3,"(np.float64(0.5579999999999999),)",0,0.18805999100000004
3,"(np.float64(0.5579999999999999),)",1,0.0
3,"(np.float64(0.24799999999999994),)",0,0.006000000000000002
3,"(np.float64(0.24799999999999994),)",1,0.0
3,"(np.float64(0.096),)",0,0.0
3,"(np.float64(0.096),)",1,0.024315000000000003
3,"(np.float64(0.38199999999999995),)",0,0.061792248059675495
3,"(np.float64(0.38199999999999995),)",1,0.0
3,"(np.float64(0.22999999999999998),)",0,0.5735969128104388
3,"(np.float64(0.22999999999999998),)",1,0.6116415511448339
3,"(np.float64(0.08400000000000002),)",0,0.3433338454301615
3,"(np.float64(0.08400000000000002),)",1,0.0
3,"(np.float64(0.364),)",0,0.0
3,"(np.float64(0.364),)",1,1.0117745099063353
3,"(np.float64(0.07200000000000002),)",0,0.0
3,"(np.float64(0.07200000000000002),)",1,0.3541445528493689
3,"(np.float64(0.358),)",0,0.10631769986545413
3,"(np.float64(0.358),)",1,0.0
3,"(np.float64(0.6679999999999999),)",0,0.048630976963788014
3,"(np.float64(0.6679999999999999),)",1,0.0
3,"(np.float64(0.248),)",0,0.030309000000000006
3,"(np.float64(0.248),)",1,0.0
3,"(np.float64(0.10800000000000001),)",0,0.037040649940922696
3,"(np.float64(0.10800000000000001),)",1,0.003000000000000001
3,"(np.float64(0.6559999999999999),)",0,0.003000000000000001
3,"(np.float64(0.6559999999999999),)",1,0.0
3,"(np.float64(0.09000000000000002),)",0,0.16740000000000002
3,"(np.float64(0.09000000000000002),)",1,0.0
3,"(np.float64(0.516),)",0,0.15214603019455125
3,"(np.float64(0.516),)",1,0.0
3,"(np.float64(0.23600000000000004),)",0,0.539790952362248
3,"(np.float64(0.23600000000000004),)",1,0.02739905563494323
3,"(np.float64(0.662),)",0,0.04391265000000001
3,"(np.float64(0.662),)",1,0.0
3,"(np.float64(0.6980000000000001),)",0,0.018000000000000002
3,"(np.float64(0.6980000000000001),)",1,0.0
3,"(np.float64(0.278),)",0,0.017829315526667985
3,"(np.float64(0.278),)",1,0.0
3,"(np.float64(0.71),)",0,0.012000000000000004
3,"(np.float64(0.71),)",1,0.0
3,"(np.float64(0.132),)",0,0.029721000000000004
3,"(np.float64(0.132),)",1,0.0
3,"(np.float64(0.26600000000000007),)",0,0.012000000000000004
3,"(np.float64(0.26600000000000007),)",1,0.0
3,"(np.float64(0.25400000000000006),)",0,0.012000000000000004
3,"(np.float64(0.25400000000000006),)",1,0.0
3,"(np.float64(0.09600000000000002),)",0,0.0
3,"(np.float64(0.09600000000000002),)",1,0.5159209723237973
3,"(np.float64(0.07200000000000001),)",0,0.06076274011164413
3,"(np.float64(0.07200000000000001),)",1,0.0
3,"(np.float64(0.05400000000000001),)",0,0.0
3,"(np.float64(0.05400000000000001),)",1,0.5860538441
3,"(np.float64(0.048),)",0,0.19888050753680991
3,"(np.float64(0.048),)",1,0.0
3,"(np.float64(0.036000000000000004),)",0,0.11730103428089178
3,"(np.float64(0.036000000000000004),)",1,0.008358803785355855
3,"(np.float64(0.176),)",0,0.09240457182259566
3,"(np.float64(0.176),)",1,0.0005643000000000002
3,"(np.float64(0.030000000000000006),)",0,0.16860538829766
3,"(np.float64(0.030000000000000006),)",1,0.0
3,"(np.float64(0.024000000000000004),)",0,0.10090749406788231
3,"(np.float64(0.024000000000000004),)",1,0.020433773715586752
3,"(np.float64(0.012000000000000002),)",0,0.018261918546405596
3,"(np.float64(0.012000000000000002),)",1,0.0010387873971877209
3,"(np.float64(0.152),)",0,0.001678100445793061
3,"(np.float64(0.152),)",1,0.0
3,"(np.float64(0.158),)",0,0.008246421452688571
3,"(np.float64(0.158),)",1,0.0
3,"(np.float64(0.164),)",0,0.0
3,"(np.float64(0.164),)",1,0.3266327106340828
3,"(np.float64(0.17),)",0,0.050981216947174245
3,"(np.float64(0.17),)",1,0.0
3,"(np.float64(0.32199999999999995),)",0,0.17252945812394074
3,"(np.float64(0.32199999999999995),)",1,0.001457033231177733
3,"(np.float64(0.188),)",0,0.19178133767985994
3,"(np.float64(0.188),)",1,0.022119814276822147
3,"(np.float64(0.194),)",0,0.2555969437705801
3,"(np.float64(0.194),)",1,0.01145610409526527
3,"(np.float64(0.48599999999999993),)",0,0.016991394123852137
3,"(np.float64(0.48599999999999993),)",1,0.0
3,"(np.float64(0.352),)",0,0.0
3,"(np.float64(0.352),)",1,0.7481571095180691
3,"(np.float64(0.06600000000000002),)",0,0.015776785162311846
3,"(np.float64(0.06600000000000002),)",1,0.0
3,"(np.float64(0.20600000000000002),)",0,0.19064829407853404
3,"(np.float64(0.20600000000000002),)",1,0.0
3,"(np.float64(0.6799999999999999),)",0,0.008082708754986205
3,"(np.float64(0.6799999999999999),)",1,0.0
3,"(np.float64(0.09000000000000001),)",0,0.02187300417147579
3,"(np.float64(0.09000000000000001),)",1,0.5346455582199146
3,"(np.float64(0.37000000000000005),)",0,0.200315
3,"(np.float64(0.37000000000000005),)",1,0.0
3,"(np.float64(0.808),)",0,0.03268809495442004
3,"(np.float64(0.808),)",1,0.0
3,"(np.float64(0.522),)",0,0.060372743160404356
3,"(np.float64(0.522),)",1,0.03821685225786186
3,"(np.float64(0.09600000000000003),)",0,0.029424000000000006
3,"(np.float64(0.09600000000000003),)",1,0.0
3,"(np.float64(0.21799999999999997),)",0,0.17487201539807862
3,"(np.float64(0.21799999999999997),)",1,0.0
3,"(np.float64(0.21199999999999997),)",0,0.02201084164032023
3,"(np.float64(0.21199999999999997),)",1,0.0
3,"(np.float64(0.35200000000000004),)",0,0.022020075624000005
3,"(np.float64(0.35200000000000004),)",1,0.0
3,"(np.float64(0.5039999999999999),)",0,0.0
3,"(np.float64(0.5039999999999999),)",1,0.0
3,"(np.float64(0.22399999999999998),)",0,0.0005940000000000002
3,"(np.float64(0.22399999999999998),)",1,0.0
3,"(np.float64(0.078),)",0,0.09811097217639006
3,"(np.float64(0.078),)",1,0.0
3,"(np.float64(0.054000000000000006),)",0,0.18048309509613494
3,"(np.float64(0.054000000000000006),)",1,0.0
3,"(np.float64(0.042),)",0,0.2009111742224287
3,"(np.float64(0.042),)",1,0.033164406
3,"(np.float64(0.03600000000000001),)",0,0.07354739875455268
3,"(np.float64(0.03600000000000001),)",1,0.0
3,"(np.float64(0.45599999999999996),)",0,0.026905081999194662
3,"(np.float64(0.45599999999999996),)",1,0.0
3,"(np.float64(0.31599999999999995),)",0,0.019338484266487488
3,"(np.float64(0.31599999999999995),)",1,0.0
3,"(np.float64(0.182),)",0,0.14579153144065685
3,"(np.float64(0.182),)",1,0.0
3,"(np.float64(0.328),)",0,0.032529872837239335
3,"(np.float64(0.328),)",1,0.0
3,"(np.float64(0.33999999999999997),)",0,0.03801264834164427
3,"(np.float64(0.33999999999999997),)",1,0.0
3,"(np.float64(0.06000000000000001),)",0,0.16168222352498757
3,"(np.float64(0.06000000000000001),)",1,0.0
3,"(np.float64(0.34600000000000003),)",0,0.006000000000000002
3,"(np.float64(0.34600000000000003),)",1,0.0
3,"(np.float64(0.21200000000000002),)",0,0.09407533736746235
3,"(np.float64(0.21200000000000002),)",1,0.054899165998421304
3,"(np.float64(0.504),)",0,0.04379850000000001
3,"(np.float64(0.504),)",1,0.0
3,"(np.float64(0.39399999999999996),)",0,0.011704185000000002
3,"(np.float64(0.39399999999999996),)",1,0.0
3,"(np.float64(0.36400000000000005),)",0,0.006891000000000001
3,"(np.float64(0.36400000000000005),)",1,0.0
3,"(np.float64(0.4739999999999999),)",0,0.182
3,"(np.float64(0.4739999999999999),)",1,0.0
3,"(np.float64(0.2),)",0,0.0
3,"(np.float64(0.2),)",1,0.7483220305269986
3,"(np.float64(0.334),)",0,0.06072512106
3,"(np.float64(0.334),)",1,0.0
3,"(np.float64(0.316),)",0,0.024265412527637358
3,"(np.float64(0.316),)",1,0.0
3,"(np.float64(0.322),)",0,0.0
3,"(np.float64(0.322),)",1,0.005463763767300001
3,"(np.float64(0.46799999999999997),)",0,0.0
3,"(np.float64(0.46799999999999997),)",1,0.5172885493905286
3,"(np.float64(0.04800000000000001),)",0,0.00425097558735996
3,"(np.float64(0.04800000000000001),)",1,0.49400632596133626
3,"(np.float64(0.17600000000000002),)",0,0.029186274187157364
3,"(np.float64(0.17600000000000002),)",1,0.0
3,"(np.float64(0.04200000000000001),)",0,0.017969908183141467
3,"(np.float64(0.04200000000000001),)",1,0.0
3,"(np.float64(0.18200000000000002),)",0,0.020754926638337244
3,"(np.float64(0.18200000000000002),)",1,0.0
3,"(np.float64(0.32799999999999996),)",0,0.040752624389587835
3,"(np.float64(0.32799999999999996),)",1,0.0
3,"(np.float64(0.6319999999999999),)",0,0.009979209000000003
3,"(np.float64(0.6319999999999999),)",1,0.0
3,"(np.float64(0.34),)",0,0.04386343608924672
3,"(np.float64(0.34),)",1,0.0
3,"(np.float64(0.12),)",0,0.012121243879487585
3,"(np.float64(0.12),)",1,0.0
3,"(np.float64(0.35800000000000004),)",0,0.011712943006476934
3,"(np.float64(0.35800000000000004),)",1,0.0
3,"(np.float64(0.23599999999999993),)",0,0.014288979000000002
3,"(np.float64(0.23599999999999993),)",1,0.0
3,"(np.float64(0.018000000000000006),)",0,0.014818120299225038
3,"(np.float64(0.018000000000000006),)",1,0.0
3,"(np.float64(0.33399999999999996),)",0,0.04723949490088608
3,"(np.float64(0.33399999999999996),)",1,0.0
3,"(np.float64(0.16399999999999998),)",0,0.027541835295720175
3,"(np.float64(0.16399999999999998),)",1,0.0
3,"(np.float64(0.006000000000000001),)",0,5.788938676452032e-07
3,"(np.float64(0.006000000000000001),)",1,0.0
3,"(np.float64(0.304),)",0,0.15832850772477094
3,"(np.float64(0.304),)",1,0.0
3,"(np.float64(0.37600000000000006),)",0,0.038197000500722604
3,"(np.float64(0.37600000000000006),)",1,0.0
3,"(np.float64(0.07800000000000003),)",0,0.006891000000000001
3,"(np.float64(0.07800000000000003),)",1,0.0
3,"(np.float64(0.018000000000000002),)",0,0.0020334835446954164
3,"(np.float64(0.018000000000000002),)",1,0.0
3,"(np.float64(0.298),)",0,0.00033901391700000006
3,"(np.float64(0.298),)",1,0.0
3,"(np.float64(0.16999999999999998),)",0,0.1688152061189385
3,"(np.float64(0.16999999999999998),)",1,0.0
3,"(np.float64(0.48),)",0,0.015623361057897774
3,"(np.float64(0.48),)",1,0.0
3,"(np.float64(0.20000000000000004),)",0,0.050775922851
3,"(np.float64(0.20000000000000004),)",1,0.0
3,"(np.float64(0.346),)",0,0.017069855135562088
3,"(np.float64(0.346),)",1,0.0
3,"(np.float64(0.462),)",0,0.028188072175227716
3,"(np.float64(0.462),)",1,0.0
3,"(np.float64(0.0),)",0,5.754552625227214e-06
3,"(np.float64(0.0),)",1,0.0
3,"(np.float64(0.146),)",0,5.3158298222700015e-05
3,"(np.float64(0.146),)",1,0.0
3,"(np.float64(0.31),)",0,0.036731762396582865
3,"(np.float64(0.31),)",1,0.0
3,"(np.float64(0.20600000000000004),)",0,0.01528210975176392
3,"(np.float64(0.20600000000000004),)",1,0.0
3,"(np.float64(0.30999999999999994),)",0,0.018623160715694122
3,"(np.float64(0.30999999999999994),)",1,0.0
3,"(np.float64(0.15799999999999997),)",0,0.0016342075335909617
3,"(np.float64(0.15799999999999997),)",1,0.0
4,"(np.float64(0.292),)",0,0.0
4,"(np.float64(0.292),)",1,0.17600000000000002
4,"(np.float64(0.5959999999999999),)",0,0.0
4,"(np.float64(0.5959999999999999),)",1,0.17900000000000002
4,"(np.float64(0.47400000000000003),)",0,0.0
4,"(np.float64(0.47400000000000003),)",1,0.1728
4,"(np.float64(0.492),)",0,0.1956320080332398
4,"(np.float64(0.492),)",1,0.18500000000000003
4,"(np.float64(0.21800000000000003),)",0,0.18500000000000003
4,"(np.float64(0.21800000000000003),)",1,1.2484378362126165
4,"(np.float64(0.37),)",0,0.49956894827667775
4,"(np.float64(0.37),)",1,1.6810877058612
4,"(np.float64(0.236),)",0,0.0640668819
4,"(np.float64(0.236),)",1,0.38120618
4,"(np.float64(0.242),)",0,0.37625866535879143
4,"(np.float64(0.242),)",1,0.04667648038200001
4,"(np.float64(0.5399999999999999),)",0,0.182
4,"(np.float64(0.5399999999999999),)",1,0.797477690315
4,"(np.float64(0.41200000000000003),)",0,0.37154322
4,"(np.float64(0.41200000000000003),)",1,0.012000000000000004
4,"(np.float64(0.558),)",0,0.021000000000000005
4,"(np.float64(0.558),)",1,0.0
4,"(np.float64(0.40599999999999997),)",0,0.018000000000000002
4,"(np.float64(0.40599999999999997),)",1,0.21380132100000002
4,"(np.float64(0.39999999999999997),)",0,0.0
4,"(np.float64(0.39999999999999997),)",1,0.22767522980000002
4,"(np.float64(0.6859999999999998),)",0,0.012000000000000004
4,"(np.float64(0.6859999999999998),)",1,0.0
4,"(np.float64(0.12000000000000002),)",0,0.36771620000000005
4,"(np.float64(0.12000000000000002),)",1,0.009000000000000001
4,"(np.float64(0.254),)",0,0.375525185
4,"(np.float64(0.254),)",1,0.2037902
4,"(np.float64(0.4),)",0,0.34939400000000004
4,"(np.float64(0.4),)",1,0.5339246501000001
4,"(np.float64(0.5519999999999999),)",0,0.204328185
4,"(np.float64(0.5519999999999999),)",1,0.17550000000000002
4,"(np.float64(0.844),)",0,0.0
4,"(np.float64(0.844),)",1,0.35150000000000003
4,"(np.float64(0.716),)",0,0.0
4,"(np.float64(0.716),)",1,0.012000000000000004
4,"(np.float64(0.576),)",0,0.0
4,"(np.float64(0.576),)",1,0.22011500000000003
4,"(np.float64(0.29000000000000004),)",0,0.0
4,"(np.float64(0.29000000000000004),)",1,0.012000000000000004
4,"(np.float64(0.43),)",0,0.0
4,"(np.float64(0.43),)",1,0.012000000000000004
4,"(np.float64(0.564),)",0,0.012000000000000004
4,"(np.float64(0.564),)",1,0.0
4,"(np.float64(0.43599999999999994),)",0,0.18500000000000003
4,"(np.float64(0.43599999999999994),)",1,0.019899612000000004
4,"(np.float64(0.442),)",0,0.18500000000000003
4,"(np.float64(0.442),)",1,0.012000000000000004
4,"(np.float64(0.43600000000000005),)",0,0.009000000000000001
4,"(np.float64(0.43600000000000005),)",1,0.0
4,"(np.float64(0.126),)",0,0.0
4,"(np.float64(0.126),)",1,0.5298645008
4,"(np.float64(0.686),)",0,0.1788
4,"(np.float64(0.686),)",1,0.0
4,"(np.float64(0.546),)",0,0.026601900000000005
4,"(np.float64(0.546),)",1,0.0
4,"(np.float64(0.24800000000000005),)",0,0.2192511572954131
4,"(np.float64(0.24800000000000005),)",1,0.2039629216461438
4,"(np.float64(0.5279999999999999),)",0,0.18582
4,"(np.float64(0.5279999999999999),)",1,0.23006976893867145
4,"(np.float64(0.388),)",0,0.040091100000000005
4,"(np.float64(0.388),)",1,0.6042165471117906
4,"(np.float64(0.534),)",0,0.35976712738655553
4,"(np.float64(0.534),)",1,0.012000000000000004
4,"(np.float64(0.26000000000000006),)",0,0.0
4,"(np.float64(0.26000000000000006),)",1,0.009000000000000001
4,"(np.float64(0.24200000000000005),)",0,0.0
4,"(np.float64(0.24200000000000005),)",1,0.39843505450030203
4,"(np.float64(0.23000000000000004),)",0,0.6867481503189056
4,"(np.float64(0.23000000000000004),)",1,0.06655537824335693
4,"(np.float64(0.382),)",0,0.2833517957790753
4,"(np.float64(0.382),)",1,0.0
4,"(np.float64(0.54),)",0,0.23842649681958
4,"(np.float64(0.54),)",1,0.032948318803212
4,"(np.float64(0.552),)",0,0.3431
4,"(np.float64(0.552),)",1,0.0
4,"(np.float64(0.704),)",0,0.18500000000000003
4,"(np.float64(0.704),)",1,0.0
4,"(np.float64(0.418),)",0,0.0
4,"(np.float64(0.418),)",1,0.0315
4,"(np.float64(0.42400000000000004),)",0,0.0
4,"(np.float64(0.42400000000000004),)",1,0.188
4,"(np.float64(0.284),)",0,0.21814815900000004
4,"(np.float64(0.284),)",1,0.0
4,"(np.float64(0.26599999999999996),)",0,0.0
4,"(np.float64(0.26599999999999996),)",1,0.206018
4,"(np.float64(0.528),)",0,0.0315
4,"(np.float64(0.528),)",1,0.03751991532978804
4,"(np.float64(0.10200000000000001),)",0,0.0
4,"(np.float64(0.10200000000000001),)",1,0.4160354698412216
4,"(np.float64(0.376),)",0,0.19407535889222483
4,"(np.float64(0.376),)",1,1.6599255854426738
4,"(np.float64(0.084),)",0,0.21501696600995832
4,"(np.float64(0.084),)",1,0.0
4,"(np.float64(0.22400000000000003),)",0,0.18769387938800003
4,"(np.float64(0.22400000000000003),)",1,1.2579817095641106
4,"(np.float64(0.51),)",0,0.008281506977890802
4,"(np.float64(0.51),)",1,0.5989698863879978
4,"(np.float64(0.5159999999999999),)",0,0.1867913600292
4,"(np.float64(0.5159999999999999),)",1,0.0
4,"(np.float64(0.27199999999999996),)",0,0.029721000000000004
4,"(np.float64(0.27199999999999996),)",1,0.0
4,"(np.float64(0.11400000000000002),)",0,0.03420600000000001
4,"(np.float64(0.11400000000000002),)",1,0.0
4,"(np.float64(0.698),)",0,0.0
4,"(np.float64(0.698),)",1,0.012000000000000004
4,"(np.float64(0.266),)",0,0.0
4,"(np.float64(0.266),)",1,0.3866549000000001
4,"(np.float64(0.394),)",0,0.25276636110942
4,"(np.float64(0.394),)",1,0.03476521800000001
4,"(np.float64(0.8559999999999999),)",0,0.015000000000000003
4,"(np.float64(0.8559999999999999),)",1,0.0
4,"(np.float64(0.15600000000000003),)",0,0.03546866580000001
4,"(np.float64(0.15600000000000003),)",1,0.0
4,"(np.float64(0.5640000000000001),)",0,0.009000000000000001
4,"(np.float64(0.5640000000000001),)",1,0.0
4,"(np.float64(0.272),)",0,0.201206
4,"(np.float64(0.272),)",1,0.191177779418
4,"(np.float64(0.6739999999999999),)",0,0.012000000000000004
4,"(np.float64(0.6739999999999999),)",1,0.0
4,"(np.float64(0.406),)",0,0.39885536
4,"(np.float64(0.406),)",1,0.06230159712360901
4,"(np.float64(0.26),)",0,0.10466543904771002
4,"(np.float64(0.26),)",1,0.0
4,"(np.float64(0.5579999999999999),)",0,0.0
4,"(np.float64(0.5579999999999999),)",1,0.037919394
4,"(np.float64(0.24799999999999994),)",0,0.0
4,"(np.float64(0.24799999999999994),)",1,0.015000000000000003
4,"(np.float64(0.096),)",0,0.0
4,"(np.float64(0.096),)",1,0.190760021
4,"(np.float64(0.38199999999999995),)",0,0.21009132738215716
4,"(np.float64(0.38199999999999995),)",1,0.0
4,"(np.float64(0.22999999999999998),)",0,0.33128350906895143
4,"(np.float64(0.22999999999999998),)",1,0.03287259069755101
4,"(np.float64(0.08400000000000002),)",0,0.012000000000000004
4,"(np.float64(0.08400000000000002),)",1,0.5887741175607041
4,"(np.float64(0.364),)",0,0.2721778452835654
4,"(np.float64(0.364),)",1,0.17469076044565482
4,"(np.float64(0.07200000000000002),)",0,0.006000000000000002
4,"(np.float64(0.07200000000000002),)",1,0.5629397570942747
4,"(np.float64(0.358),)",0,0.30379788494360893
4,"(np.float64(0.358),)",1,0.0
4,"(np.float64(0.6679999999999999),)",0,0.19248500000000002
4,"(np.float64(0.6679999999999999),)",1,0.23480454024453457
4,"(np.float64(0.248),)",0,0.018000000000000002
4,"(np.float64(0.248),)",1,0.19248500000000002
4,"(np.float64(0.10800000000000001),)",0,0.1936489001934926
4,"(np.float64(0.10800000000000001),)",1,0.012000000000000004
4,"(np.float64(0.6559999999999999),)",0,0.015000000000000003
4,"(np.float64(0.6559999999999999),)",1,0.0
4,"(np.float64(0.09000000000000002),)",0,0.17550000000000002
4,"(np.float64(0.09000000000000002),)",1,0.0
4,"(np.float64(0.516),)",0,0.5639038388028877
4,"(np.float64(0.516),)",1,0.0
4,"(np.float64(0.23600000000000004),)",0,0.3751835313741358
4,"(np.float64(0.23600000000000004),)",1,0.055339399965090005
4,"(np.float64(0.662),)",0,0.03494850000000001
4,"(np.float64(0.662),)",1,0.0
4,"(np.float64(0.6980000000000001),)",0,0.015000000000000003
4,"(np.float64(0.6980000000000001),)",1,0.0
4,"(np.float64(0.278),)",0,0.0
4,"(np.float64(0.278),)",1,0.018167858115237297
4,"(np.float64(0.71),)",0,0.012000000000000004
4,"(np.float64(0.71),)",1,0.0
4,"(np.float64(0.132),)",0,0.04525044508800001
4,"(np.float64(0.132),)",1,0.0
4,"(np.float64(0.26600000000000007),)",0,0.0
4,"(np.float64(0.26600000000000007),)",1,0.006000000000000002
4,"(np.float64(0.25400000000000006),)",0,0.0
4,"(np.float64(0.25400000000000006),)",1,0.003000000000000001
4,"(np.float64(0.09600000000000002),)",0,0.0
4,"(np.float64(0.09600000000000002),)",1,0.100065425278677
4,"(np.float64(0.07200000000000001),)",0,0.08959472643471697
4,"(np.float64(0.07200000000000001),)",1,0.009691311218100003
4,"(np.float64(0.05400000000000001),)",0,0.16042155300000002
4,"(np.float64(0.05400000000000001),)",1,0.3351089
4,"(np.float64(0.048),)",0,0.1841495405299627
4,"(np.float64(0.048),)",1,0.0
4,"(np.float64(0.036000000000000004),)",0,0.20842408514840782
4,"(np.float64(0.036000000000000004),)",1,0.0
4,"(np.float64(0.176),)",0,0.28661425163834825
4,"(np.float64(0.176),)",1,0.0
4,"(np.float64(0.030000000000000006),)",0,0.0
4,"(np.float64(0.030000000000000006),)",1,1.1567843217092113
4,"(np.float64(0.024000000000000004),)",0,0.17300000000000001
4,"(np.float64(0.024000000000000004),)",1,0.950897075687374
4,"(np.float64(0.012000000000000002),)",0,0.15479343185150182
4,"(np.float64(0.012000000000000002),)",1,0.0
4,"(np.float64(0.152),)",0,0.05720482840294782
4,"(np.float64(0.152),)",1,0.0
4,"(np.float64(0.158),)",0,0.0
4,"(np.float64(0.158),)",1,0.5811860010919011
4,"(np.float64(0.164),)",0,0.22460774669707814
4,"(np.float64(0.164),)",1,0.0
4,"(np.float64(0.17),)",0,0.3267673872540757
4,"(np.float64(0.17),)",1,0.0
4,"(np.float64(0.32199999999999995),)",0,0.26903474983718834
4,"(np.float64(0.32199999999999995),)",1,0.00657191042446586
4,"(np.float64(0.188),)",0,0.5113871608096933
4,"(np.float64(0.188),)",1,0.0
4,"(np.float64(0.194),)",0,0.19482306822466594
4,"(np.float64(0.194),)",1,1.6015265207204468
4,"(np.float64(0.48599999999999993),)",0,0.17330197546119233
4,"(np.float64(0.48599999999999993),)",1,0.0
4,"(np.float64(0.352),)",0,0.021105612000000006
4,"(np.float64(0.352),)",1,0.5085373717346703
4,"(np.float64(0.06600000000000002),)",0,0.022238124329030495
4,"(np.float64(0.06600000000000002),)",1,0.0
4,"(np.float64(0.20600000000000002),)",0,0.2514137777571125
4,"(np.float64(0.20600000000000002),)",1,0.006000000000000002
4,"(np.float64(0.6799999999999999),)",0,0.030548318803212005
4,"(np.float64(0.6799999999999999),)",1,0.0
4,"(np.float64(0.09000000000000001),)",0,0.40126957773705413
4,"(np.float64(0.09000000000000001),)",1,0.0
4,"(np.float64(0.37000000000000005),)",0,0.012644783006813022
4,"(np.float64(0.37000000000000005),)",1,0.0
4,"(np.float64(0.808),)",0,0.18415166802920002
4,"(np.float64(0.808),)",1,0.0
4,"(np.float64(0.522),)",0,0.009000000000000001
4,"(np.float64(0.522),)",1,0.23216129807257643
4,"(np.float64(0.09600000000000003),)",0,0.0
4,"(np.float64(0.09600000000000003),)",1,0.027315000000000006
4,"(np.float64(0.21799999999999997),)",0,0.025028215697045327
4,"(np.float64(0.21799999999999997),)",1,0.0
4,"(np.float64(0.21199999999999997),)",0,0.006297000000000001
4,"(np.float64(0.21199999999999997),)",1,0.1957618798235658
4,"(np.float64(0.35200000000000004),)",0,0.0
4,"(np.float64(0.35200000000000004),)",1,0.17808945558800002
4,"(np.float64(0.5039999999999999),)",0,0.003000000000000001
4,"(np.float64(0.5039999999999999),)",1,0.0
4,"(np.float64(0.22399999999999998),)",0,0.02401500000000001
4,"(np.float64(0.22399999999999998),)",1,0.0
4,"(np.float64(0.078),)",0,0.009000000000000001
4,"(np.float64(0.078),)",1,0.46320932427010375
4,"(np.float64(0.054000000000000006),)",0,0.4104645479269101
4,"(np.float64(0.054000000000000006),)",1,0.0
4,"(np.float64(0.042),)",0,0.3794748282781106
4,"(np.float64(0.042),)",1,0.019045252293869296
4,"(np.float64(0.03600000000000001),)",0,0.31498657026927623
4,"(np.float64(0.03600000000000001),)",1,0.0
4,"(np.float64(0.45599999999999996),)",0,0.01926447314895339
4,"(np.float64(0.45599999999999996),)",1,0.0
4,"(np.float64(0.31599999999999995),)",0,0.17197062933055438
4,"(np.float64(0.31599999999999995),)",1,0.0
4,"(np.float64(0.182),)",0,0.21073682396614182
4,"(np.float64(0.182),)",1,0.0
4,"(np.float64(0.328),)",0,0.1750978581447999
4,"(np.float64(0.328),)",1,0.0
4,"(np.float64(0.33999999999999997),)",0,0.058578891296950625
4,"(np.float64(0.33999999999999997),)",1,0.0
4,"(np.float64(0.06000000000000001),)",0,0.1566609122461618
4,"(np.float64(0.06000000000000001),)",1,0.0
4,"(np.float64(0.34600000000000003),)",0,0.17600000000000002
4,"(np.float64(0.34600000000000003),)",1,0.0
4,"(np.float64(0.21200000000000002),)",0,0.20474162106435342
4,"(np.float64(0.21200000000000002),)",1,0.0
4,"(np.float64(0.504),)",0,0.032701304706131716
4,"(np.float64(0.504),)",1,0.0
4,"(np.float64(0.39399999999999996),)",0,0.015355806000000003
4,"(np.float64(0.39399999999999996),)",1,0.0
4,"(np.float64(0.36400000000000005),)",0,0.0
4,"(np.float64(0.36400000000000005),)",1,0.003594000000000001
4,"(np.float64(0.4739999999999999),)",0,0.003000000000000001
4,"(np.float64(0.4739999999999999),)",1,0.0
4,"(np.float64(0.2),)",0,0.2685741498913845
4,"(np.float64(0.2),)",1,0.0
4,"(np.float64(0.334),)",0,0.020610466500000004
4,"(np.float64(0.334),)",1,0.0
4,"(np.float64(0.316),)",0,0.03867012894009886
4,"(np.float64(0.316),)",1,0.0
4,"(np.float64(0.322),)",0,0.003534065400000001
4,"(np.float64(0.322),)",1,0.0
4,"(np.float64(0.46799999999999997),)",0,0.07110406046347063
4,"(np.float64(0.46799999999999997),)",1,0.0
4,"(np.float64(0.04800000000000001),)",0,0.0
4,"(np.float64(0.04800000000000001),)",1,1.2259928544108813
4,"(np.float64(0.17600000000000002),)",0,0.11749394469293456
4,"(np.float64(0.17600000000000002),)",1,0.0
4,"(np.float64(0.04200000000000001),)",0,0.0344662098330913
4,"(np.float64(0.04200000000000001),)",1,0.0
4,"(np.float64(0.18200000000000002),)",0,0.014963454136554604
4,"(np.float64(0.18200000000000002),)",1,0.0
4,"(np.float64(0.32799999999999996),)",0,0.04080942518099877
4,"(np.float64(0.32799999999999996),)",1,0.0
4,"(np.float64(0.6319999999999999),)",0,0.006623403000000002
4,"(np.float64(0.6319999999999999),)",1,0.0
4,"(np.float64(0.34),)",0,0.04812018242364351
4,"(np.float64(0.34),)",1,0.0
4,"(np.float64(0.12),)",0,0.026731501922890807
4,"(np.float64(0.12),)",1,0.0
4,"(np.float64(0.35800000000000004),)",0,0.032768933697584414
4,"(np.float64(0.35800000000000004),)",1,0.0
4,"(np.float64(0.23599999999999993),)",0,0.03536394326287827
4,"(np.float64(0.23599999999999993),)",1,0.0
4,"(np.float64(0.018000000000000006),)",0,0.12091186711901514
4,"(np.float64(0.018000000000000006),)",1,0.0
4,"(np.float64(0.33399999999999996),)",0,0.1413779376804353
4,"(np.float64(0.33399999999999996),)",1,0.0
4,"(np.float64(0.16399999999999998),)",0,0.0792774666509321
4,"(np.float64(0.16399999999999998),)",1,0.0
4,"(np.float64(0.006000000000000001),)",0,0.03865479070426019
4,"(np.float64(0.006000000000000001),)",1,0.0
4,"(np.float64(0.304),)",0,0.018977295984961312
4,"(np.float64(0.304),)",1,0.0
4,"(np.float64(0.37600000000000006),)",0,0.0363312113295173
4,"(np.float64(0.37600000000000006),)",1,0.0
4,"(np.float64(0.07800000000000003),)",0,0.012891000000000003
4,"(np.float64(0.07800000000000003),)",1,0.0
4,"(np.float64(0.018000000000000002),)",0,0.10309476464407494
4,"(np.float64(0.018000000000000002),)",1,0.0
4,"(np.float64(0.298),)",0,0.0
4,"(np.float64(0.298),)",1,0.0009362512170000004
4,"(np.float64(0.16999999999999998),)",0,0.005676296923177214
4,"(np.float64(0.16999999999999998),)",1,0.26166177917473615
4,"(np.float64(0.48),)",0,0.02181743309597852
4,"(np.float64(0.48),)",1,0.0
4,"(np.float64(0.20000000000000004),)",0,0.025841979
4,"(np.float64(0.20000000000000004),)",1,0.0
4,"(np.float64(0.346),)",0,0.020324082142550725
4,"(np.float64(0.346),)",1,0.0
4,"(np.float64(0.462),)",0,0.032228309067332005
4,"(np.float64(0.462),)",1,0.0
4,"(np.float64(0.0),)",0,0.170284867928794
4,"(np.float64(0.0),)",1,0.0
4,"(np.float64(0.146),)",0,0.003297492480170395
4,"(np.float64(0.146),)",1,0.0
4,"(np.float64(0.31),)",0,0.1660980008103501
4,"(np.float64(0.31),)",1,0.0
4,"(np.float64(0.20600000000000004),)",0,0.018080135390172485
4,"(np.float64(0.20600000000000004),)",1,0.0
4,"(np.float64(0.30999999999999994),)",0,0.0970608396703515
4,"(np.float64(0.30999999999999994),)",1,0.0
4,"(np.float64(0.15799999999999997),)",0,0.08892378324272363
4,"(np.float64(0.15799999999999997),)",1,0.007390038165468474
